file,pointer,navStyle,currentSource,navMode,fileName,pathOverride,confidence,note
lib/stac/tobank/flows/cartable/json/cartable_detail.json,/child/appBar/actions[0]/child/onPressed,pop,pop,,,,skip,no source / pop
lib/stac/tobank/flows/cartable/json/cartable_intro.json,/child/body/child/children[3]/child/children[0]/children[1]/child/child/child/children[0]/child/children[0]/child/children[2]/child/onTap/actions[1],,routeName=cartable_detail,dart,cartable_detail,,auto,"routeName is registered dart key, address-equal"
lib/stac/tobank/flows/cartable/json/cartable_intro.json,/child/body/child/children[3]/child/children[0]/children[1]/child/child/child/children[1]/child/children[0]/child/children[2]/child/onTap/actions[1],,routeName=cartable_detail,dart,cartable_detail,,auto,"routeName is registered dart key, address-equal"
lib/stac/tobank/flows/cartable/json/cartable_intro.json,/child/body/child/children[3]/child/children[0]/children[1]/child/child/child/children[1]/child/children[2]/child/children[2]/child/onTap/actions[1],,routeName=cartable_detail,dart,cartable_detail,,auto,"routeName is registered dart key, address-equal"
lib/stac/tobank/flows/cartable/json/cartable_intro.json,/child/body/child/children[3]/child/children[0]/children[1]/child/child/child/children[1]/child/children[4]/child/children[2]/child/onTap/actions[1],,routeName=cartable_detail,dart,cartable_detail,,auto,"routeName is registered dart key, address-equal"
lib/stac/tobank/flows/cartable/json/cartable_intro.json,/child/body/child/children[3]/child/children[1]/child/child/children[0]/child/children[2]/child/children[0]/child/onTap/actions[1],,routeName=cartable_detail,dart,cartable_detail,,auto,"routeName is registered dart key, address-equal"
lib/stac/tobank/flows/charge/json/charge_add_sim.json,/child/appBar/actions[0]/child/onPressed,pop,pop,,,,skip,no source / pop
lib/stac/tobank/flows/charge/json/charge_add_sim.json,/child/body/children[0]/child/child/children[2]/child/child/onPressed/actions[3],push,routeName=charge_package_list,dart,charge_package_list,,auto,"routeName is registered dart key, address-equal"
lib/stac/tobank/flows/charge/json/charge_add_sim.json,/child/body/children[0]/child/child/children[3]/child/child/onPressed/actions[1]/sheet/child/children[6]/onPressed,pop,pop,,,,skip,no source / pop
lib/stac/tobank/flows/charge/json/charge_add_sim.json,/child/body/children[0]/child/child/children[4]/child/child/onPressed/sheet/child/children[12]/onPressed/actions[0],pop,pop,,,,skip,no source / pop
lib/stac/tobank/flows/charge/json/charge_add_sim.json,/child/body/children[0]/child/child/children[4]/child/child/onPressed/sheet/child/children[12]/onPressed/actions[1]/sheet/child/children[10]/onPressed/actions[3],push,routeName=charge_package_list,dart,charge_package_list,,auto,"routeName is registered dart key, address-equal"
lib/stac/tobank/flows/charge/json/charge_intro.json,/child/appBar/actions[0]/child/onPressed,pop,pop,,,,skip,no source / pop
lib/stac/tobank/flows/charge/json/charge_intro.json,/child/body/children[0]/child/child/children[3]/child/child/child/children[1]/child/children[0]/child/child/onTap/actions[1]/sheet/child/children[12]/child/child/onPressed/actions[0],pop,pop,,,,skip,no source / pop
lib/stac/tobank/flows/charge/json/charge_intro.json,/child/body/children[0]/child/child/children[3]/child/child/child/children[1]/child/children[0]/child/child/onTap/actions[1]/sheet/child/children[12]/child/child/onPressed/actions[2],push,routeName=charge_payment,dart,charge_payment,,auto,"routeName is registered dart key, address-equal"
lib/stac/tobank/flows/charge/json/charge_intro.json,/child/body/children[0]/child/child/children[3]/child/child/child/children[1]/child/children[0]/child/child/onTap/actions[1]/sheet/child/children[12]/replacement/onPressed/actions[0],pop,pop,,,,skip,no source / pop
lib/stac/tobank/flows/charge/json/charge_intro.json,/child/body/children[0]/child/child/children[3]/child/child/child/children[1]/child/children[0]/child/child/onTap/actions[1]/sheet/child/children[12]/replacement/onPressed/actions[2],push,routeName=charge_payment,dart,charge_payment,,auto,"routeName is registered dart key, address-equal"
lib/stac/tobank/flows/charge/json/charge_intro.json,/child/body/children[0]/child/child/children[3]/child/child/child/children[1]/child/children[0]/child/child/onLongPress/actions[1]/sheet/child/children[7]/onTap/actions[0],pop,pop,,,,skip,no source / pop
lib/stac/tobank/flows/charge/json/charge_intro.json,/child/body/children[0]/child/child/children[3]/child/child/child/children[1]/child/children[0]/child/child/onLongPress/actions[1]/sheet/child/children[7]/onTap/actions[1]/sheet/child/child/children[8]/onPressed/actions[1],pop,pop,,,,skip,no source / pop
lib/stac/tobank/flows/charge/json/charge_intro.json,/child/body/children[0]/child/child/children[3]/child/child/child/children[1]/child/children[0]/child/child/onLongPress/actions[1]/sheet/child/children[9]/onTap/actions[0],pop,pop,,,,skip,no source / pop
lib/stac/tobank/flows/charge/json/charge_intro.json,/child/body/children[0]/child/child/children[3]/child/child/child/children[1]/child/children[0]/child/child/onLongPress/actions[1]/sheet/child/children[11]/onPressed,pop,pop,,,,skip,no source / pop
lib/stac/tobank/flows/charge/json/charge_intro.json,/child/body/children[0]/child/child/children[3]/child/child/child/children[1]/child/children[1]/child/child/onTap/actions[1]/sheet/child/children[12]/child/child/onPressed/actions[0],pop,pop,,,,skip,no source / pop
lib/stac/tobank/flows/charge/json/charge_intro.json,/child/body/children[0]/child/child/children[3]/child/child/child/children[1]/child/children[1]/child/child/onTap/actions[1]/sheet/child/children[12]/child/child/onPressed/actions[2],push,routeName=charge_payment,dart,charge_payment,,auto,"routeName is registered dart key, address-equal"
lib/stac/tobank/flows/charge/json/charge_intro.json,/child/body/children[0]/child/child/children[3]/child/child/child/children[1]/child/children[1]/child/child/onTap/actions[1]/sheet/child/children[12]/replacement/onPressed/actions[0],pop,pop,,,,skip,no source / pop
lib/stac/tobank/flows/charge/json/charge_intro.json,/child/body/children[0]/child/child/children[3]/child/child/child/children[1]/child/children[1]/child/child/onTap/actions[1]/sheet/child/children[12]/replacement/onPressed/actions[2],push,routeName=charge_payment,dart,charge_payment,,auto,"routeName is registered dart key, address-equal"
lib/stac/tobank/flows/charge/json/charge_intro.json,/child/body/children[0]/child/child/children[3]/child/child/child/children[1]/child/children[1]/child/child/onLongPress/actions[1]/sheet/child/children[7]/onTap/actions[0],pop,pop,,,,skip,no source / pop
lib/stac/tobank/flows/charge/json/charge_intro.json,/child/body/children[0]/child/child/children[3]/child/child/child/children[1]/child/children[1]/child/child/onLongPress/actions[1]/sheet/child/children[7]/onTap/actions[1]/sheet/child/child/children[8]/onPressed/actions[1],pop,pop,,,,skip,no source / pop
lib/stac/tobank/flows/charge/json/charge_intro.json,/child/body/children[0]/child/child/children[3]/child/child/child/children[1]/child/children[1]/child/child/onLongPress/actions[1]/sheet/child/children[9]/onTap/actions[0],pop,pop,,,,skip,no source / pop
lib/stac/tobank/flows/charge/json/charge_intro.json,/child/body/children[0]/child/child/children[3]/child/child/child/children[1]/child/children[1]/child/child/onLongPress/actions[1]/sheet/child/children[11]/onPressed,pop,pop,,,,skip,no source / pop
lib/stac/tobank/flows/charge/json/charge_intro.json,/child/body/children[0]/child/child/children[3]/child/child/child/children[1]/child/children[2]/child/child/onTap/actions[1]/sheet/child/children[12]/child/child/onPressed/actions[0],pop,pop,,,,skip,no source / pop
lib/stac/tobank/flows/charge/json/charge_intro.json,/child/body/children[0]/child/child/children[3]/child/child/child/children[1]/child/children[2]/child/child/onTap/actions[1]/sheet/child/children[12]/child/child/onPressed/actions[2],push,routeName=charge_payment,dart,charge_payment,,auto,"routeName is registered dart key, address-equal"
lib/stac/tobank/flows/charge/json/charge_intro.json,/child/body/children[0]/child/child/children[3]/child/child/child/children[1]/child/children[2]/child/child/onTap/actions[1]/sheet/child/children[12]/replacement/onPressed/actions[0],pop,pop,,,,skip,no source / pop
lib/stac/tobank/flows/charge/json/charge_intro.json,/child/body/children[0]/child/child/children[3]/child/child/child/children[1]/child/children[2]/child/child/onTap/actions[1]/sheet/child/children[12]/replacement/onPressed/actions[2],push,routeName=charge_payment,dart,charge_payment,,auto,"routeName is registered dart key, address-equal"
lib/stac/tobank/flows/charge/json/charge_intro.json,/child/body/children[0]/child/child/children[3]/child/child/child/children[1]/child/children[2]/child/child/onLongPress/actions[1]/sheet/child/children[7]/onTap/actions[0],pop,pop,,,,skip,no source / pop
lib/stac/tobank/flows/charge/json/charge_intro.json,/child/body/children[0]/child/child/children[3]/child/child/child/children[1]/child/children[2]/child/child/onLongPress/actions[1]/sheet/child/children[7]/onTap/actions[1]/sheet/child/child/children[8]/onPressed/actions[1],pop,pop,,,,skip,no source / pop
lib/stac/tobank/flows/charge/json/charge_intro.json,/child/body/children[0]/child/child/children[3]/child/child/child/children[1]/child/children[2]/child/child/onLongPress/actions[1]/sheet/child/children[9]/onTap/actions[0],pop,pop,,,,skip,no source / pop
lib/stac/tobank/flows/charge/json/charge_intro.json,/child/body/children[0]/child/child/children[3]/child/child/child/children[1]/child/children[2]/child/child/onLongPress/actions[1]/sheet/child/children[11]/onPressed,pop,pop,,,,skip,no source / pop
lib/stac/tobank/flows/charge/json/charge_intro.json,/child/body/children[0]/child/child/children[5]/children[0]/onPressed,push,routeName=charge_add_sim,dart,charge_add_sim,,auto,"routeName is registered dart key, address-equal"
lib/stac/tobank/flows/charge/json/charge_package_list.json,/onInit/actions[1]/sheet/child/children[12]/child/child/onPressed/actions[0],pop,pop,,,,skip,no source / pop
lib/stac/tobank/flows/charge/json/charge_package_list.json,/onInit/actions[1]/sheet/child/children[12]/child/child/onPressed/actions[2],push,routeName=charge_payment,dart,charge_payment,,auto,"routeName is registered dart key, address-equal"
lib/stac/tobank/flows/charge/json/charge_package_list.json,/onInit/actions[1]/sheet/child/children[12]/replacement/onPressed/actions[0],pop,pop,,,,skip,no source / pop
lib/stac/tobank/flows/charge/json/charge_package_list.json,/onInit/actions[1]/sheet/child/children[12]/replacement/onPressed/actions[2],push,routeName=charge_payment,dart,charge_payment,,auto,"routeName is registered dart key, address-equal"
lib/stac/tobank/flows/charge/json/charge_package_list.json,/child/appBar/actions[0]/child/onPressed,pop,pop,,,,skip,no source / pop
lib/stac/tobank/flows/charge/json/charge_payment.json,/child/appBar/actions[0]/child/onPressed,pop,pop,,,,skip,no source / pop
lib/stac/tobank/flows/charge/json/charge_payment.json,/child/body/child/child/children[12]/child/onPressed/actions[1],push,routeName=charge_payment_success,dart,charge_payment_success,,auto,"routeName is registered dart key, address-equal"
lib/stac/tobank/flows/charge/json/charge_payment_success.json,/appBar/actions[0]/child/onPressed,pop,pop,,,,skip,no source / pop
lib/stac/tobank/flows/child_loan/json/child_loan_api_real_menu.json,/appBar/actions[0]/child/onPressed,pop,pop,,,,skip,no source / pop
lib/stac/tobank/flows/child_loan/json/child_loan_api_real_menu.json,/body/child/children[0]/onPressed,push,routeName=child_loan_rules,dart,child_loan_rules,,auto,"routeName is registered dart key, address-equal"
lib/stac/tobank/flows/child_loan/json/child_loan_api_real_menu.json,/body/child/children[2]/onPressed,push,assetPath=lib/stac/tobank/flows/child_loan/json/child_loan_rules.json,localJson,child_loan_rules,,auto,"canonical json path, address-equal"
lib/stac/tobank/flows/child_loan/json/child_loan_api_real_menu.json,/body/child/children[4]/onPressed,push,url=http://192.168.179.21:8101/api/configurations/v1.0/configs/resolve/ipaam.builder.form.form.child_loan_rules/1,apiJson,child_loan_rules,,auto,"real resolveUrl, address-equal"
lib/stac/tobank/flows/child_loan/json/child_loan_child_check.json,/child/appBar/actions[0]/child/onPressed,pop,pop,,,,skip,no source / pop
lib/stac/tobank/flows/child_loan/json/child_loan_child_check.json,/child/body/child/child/children[10]/onPressed/onSuccess/actions[2],pop,pop,,,,skip,no source / pop
lib/stac/tobank/flows/child_loan/json/child_loan_customer_check.json,/child/appBar/actions[0]/child/onPressed,pop,pop,,,,skip,no source / pop
lib/stac/tobank/flows/child_loan/json/child_loan_customer_check.json,/child/body/child/children[1]/child/onPressed/onSuccess/actions[1],push,routeName=child_loan_task_list,dart,child_loan_task_list,,auto,"routeName is registered dart key, address-equal"
lib/stac/tobank/flows/child_loan/json/child_loan_customer_document.json,/child/appBar/actions[0]/child/onPressed,pop,pop,,,,skip,no source / pop
lib/stac/tobank/flows/child_loan/json/child_loan_customer_document.json,/child/body/child/children[1]/child/onPressed/onSuccess/actions[2],pop,pop,,,,skip,no source / pop
lib/stac/tobank/flows/child_loan/json/child_loan_guarantee_address.json,/child/appBar/actions[0]/child/onPressed,pop,pop,,,,skip,no source / pop
lib/stac/tobank/flows/child_loan/json/child_loan_guarantee_address.json,/child/body/child/child/children[7]/child/children[3]/onPressed/onSuccess/actions[2],pop,pop,,,,skip,no source / pop
lib/stac/tobank/flows/child_loan/json/child_loan_rules.json,/child/appBar/actions[0]/child/onPressed,pop,pop,,,,skip,no source / pop
lib/stac/tobank/flows/child_loan/json/child_loan_rules.json,/child/body/children[5]/child/onPressed/actions[1],push,routeName=child_loan_customer_check,dart,child_loan_customer_check,,auto,"routeName is registered dart key, address-equal"
lib/stac/tobank/flows/child_loan/json/child_loan_task_list.json,/appBar/actions[0]/child/onPressed,pop,pop,,,,skip,no source / pop
lib/stac/tobank/flows/child_loan/json/child_loan_task_list.json,/body/child/children[0]/child/child/children[2]/child/children[1]/onTap,push,routeName=child_loan_guarantee_address,dart,child_loan_guarantee_address,,auto,"routeName is registered dart key, address-equal"
lib/stac/tobank/flows/child_loan/json/child_loan_task_list.json,/body/child/children[2]/child/child/children[2]/child/children[1]/onTap,push,routeName=child_loan_child_check,dart,child_loan_child_check,,auto,"routeName is registered dart key, address-equal"
lib/stac/tobank/flows/child_loan/json/child_loan_task_list.json,/body/child/children[4]/child/child/children[2]/child/children[1]/onTap,push,routeName=child_loan_customer_document,dart,child_loan_customer_document,,auto,"routeName is registered dart key, address-equal"
lib/stac/tobank/flows/child_loan/json_upload/child_loan_api_real_menu.json,/appBar/actions[0]/child/onPressed,pop,pop,,,,skip,no source / pop
lib/stac/tobank/flows/child_loan/json_upload/child_loan_api_real_menu.json,/body/child/children[0]/onPressed,push,routeName=child_loan_rules,dart,child_loan_rules,,auto,"routeName is registered dart key, address-equal"
lib/stac/tobank/flows/child_loan/json_upload/child_loan_api_real_menu.json,/body/child/children[2]/onPressed,push,assetPath=lib/stac/tobank/flows/child_loan/json/child_loan_rules.json,localJson,child_loan_rules,,auto,"canonical json path, address-equal"
lib/stac/tobank/flows/child_loan/json_upload/child_loan_api_real_menu.json,/body/child/children[4]/onPressed,push,url=http://192.168.179.21:8101/api/configurations/v1.0/configs/resolve/ipaam.builder.form.form.child_loan_rules/1,apiJson,child_loan_rules,,auto,"real resolveUrl, address-equal"
lib/stac/tobank/flows/child_loan/json_upload/child_loan_child_check.json,/child/appBar/actions[0]/child/onPressed,pop,pop,,,,skip,no source / pop
lib/stac/tobank/flows/child_loan/json_upload/child_loan_child_check.json,/child/body/child/child/children[10]/onPressed/onSuccess/actions[2],pop,pop,,,,skip,no source / pop
lib/stac/tobank/flows/child_loan/json_upload/child_loan_customer_check.json,/child/appBar/actions[0]/child/onPressed,pop,pop,,,,skip,no source / pop
lib/stac/tobank/flows/child_loan/json_upload/child_loan_customer_check.json,/child/body/child/children[1]/child/onPressed/onSuccess/actions[1],push,url=http://192.168.179.21:8101/api/configurations/v1.0/configs/resolve/ipaam.builder.form.form.child_loan_task_list/1,apiJson,child_loan_task_list,,auto,"real resolveUrl, address-equal"
lib/stac/tobank/flows/child_loan/json_upload/child_loan_customer_document.json,/child/appBar/actions[0]/child/onPressed,pop,pop,,,,skip,no source / pop
lib/stac/tobank/flows/child_loan/json_upload/child_loan_customer_document.json,/child/body/child/children[1]/child/onPressed/onSuccess/actions[2],pop,pop,,,,skip,no source / pop
lib/stac/tobank/flows/child_loan/json_upload/child_loan_guarantee_address.json,/child/appBar/actions[0]/child/onPressed,pop,pop,,,,skip,no source / pop
lib/stac/tobank/flows/child_loan/json_upload/child_loan_guarantee_address.json,/child/body/child/child/children[7]/child/children[3]/onPressed/onSuccess/actions[2],pop,pop,,,,skip,no source / pop
lib/stac/tobank/flows/child_loan/json_upload/child_loan_rules.json,/child/appBar/actions[0]/child/onPressed,pop,pop,,,,skip,no source / pop
lib/stac/tobank/flows/child_loan/json_upload/child_loan_rules.json,/child/body/children[5]/child/onPressed/actions[1],push,url=http://192.168.179.21:8101/api/configurations/v1.0/configs/resolve/ipaam.builder.form.form.child_loan_customer_check/1,apiJson,child_loan_customer_check,,auto,"real resolveUrl, address-equal"
lib/stac/tobank/flows/child_loan/json_upload/child_loan_task_list.json,/appBar/actions[0]/child/onPressed,pop,pop,,,,skip,no source / pop
lib/stac/tobank/flows/child_loan/json_upload/child_loan_task_list.json,/body/child/children[0]/child/child/children[2]/child/children[1]/onTap,push,url=http://192.168.179.21:8101/api/configurations/v1.0/configs/resolve/ipaam.builder.form.form.child_loan_guarantee_address/1,apiJson,child_loan_guarantee_address,,auto,"real resolveUrl, address-equal"
lib/stac/tobank/flows/child_loan/json_upload/child_loan_task_list.json,/body/child/children[2]/child/child/children[2]/child/children[1]/onTap,push,url=http://192.168.179.21:8101/api/configurations/v1.0/configs/resolve/ipaam.builder.form.form.child_loan_child_check/1,apiJson,child_loan_child_check,,auto,"real resolveUrl, address-equal"
lib/stac/tobank/flows/child_loan/json_upload/child_loan_task_list.json,/body/child/children[4]/child/child/children[2]/child/children[1]/onTap,push,url=http://192.168.179.21:8101/api/configurations/v1.0/configs/resolve/ipaam.builder.form.form.child_loan_customer_document/1,apiJson,child_loan_customer_document,,auto,"real resolveUrl, address-equal"
lib/stac/tobank/flows/dashboard/json/dashboard_add_new_card.json,/appBar/actions[0]/child/onPressed,pop,pop,,,,skip,no source / pop
lib/stac/tobank/flows/dashboard/json/dashboard_add_new_card.json,/body/child/child/children[17]/onPressed/actions[1],pop,pop,,,,skip,no source / pop
lib/stac/tobank/flows/dashboard/json/dashboard_cards_management.json,/appBar/actions[0]/child/onPressed,pop,pop,,,,skip,no source / pop
lib/stac/tobank/flows/dashboard/json/dashboard_cards_management.json,/body/child/children[0]/pages[1]/child/children[6]/children[0]/children[0]/onTap/actions[1]/sheet/child/child/children[6]/onTap/actions[1],push,assetPath=lib/stac/tobank/flows/dashboard/json/dashboard_card_edit.json,localJson,dashboard_card_edit,,auto,"canonical json path, address-equal"
lib/stac/tobank/flows/dashboard/json/dashboard_cards_management.json,/body/child/children[0]/pages[1]/child/children[6]/children[0]/children[0]/onTap/actions[1]/sheet/child/child/children[7]/child/children[1]/onTap/positiveAction/actions[1],pushAndRemoveAll,assetPath=lib/stac/tobank/flows/dashboard/json/dashboard_cards_management.json,localJson,dashboard_cards_management,,auto,"canonical json path, address-equal"
lib/stac/tobank/flows/dashboard/json/dashboard_cards_management.json,/body/child/children[0]/pages[2]/child/children[6]/children[0]/children[0]/onTap/actions[1]/sheet/child/child/children[6]/onTap/actions[1],push,assetPath=lib/stac/tobank/flows/dashboard/json/dashboard_card_edit.json,localJson,dashboard_card_edit,,auto,"canonical json path, address-equal"
lib/stac/tobank/flows/dashboard/json/dashboard_cards_management.json,/body/child/children[0]/pages[2]/child/children[6]/children[0]/children[0]/onTap/actions[1]/sheet/child/child/children[7]/child/children[1]/onTap/positiveAction/actions[1],pushAndRemoveAll,assetPath=lib/stac/tobank/flows/dashboard/json/dashboard_cards_management.json,localJson,dashboard_cards_management,,auto,"canonical json path, address-equal"
lib/stac/tobank/flows/dashboard/json/dashboard_cards_management.json,/body/child/children[0]/pages[3]/child/children[6]/children[0]/children[0]/onTap/actions[1]/sheet/child/child/children[6]/onTap/actions[1],push,assetPath=lib/stac/tobank/flows/dashboard/json/dashboard_card_edit.json,localJson,dashboard_card_edit,,auto,"canonical json path, address-equal"
lib/stac/tobank/flows/dashboard/json/dashboard_cards_management.json,/body/child/children[0]/pages[3]/child/children[6]/children[0]/children[0]/onTap/actions[1]/sheet/child/child/children[7]/child/children[1]/onTap/positiveAction/actions[1],pushAndRemoveAll,assetPath=lib/stac/tobank/flows/dashboard/json/dashboard_cards_management.json,localJson,dashboard_cards_management,,auto,"canonical json path, address-equal"
lib/stac/tobank/flows/dashboard/json/dashboard_cards_management.json,/body/child/children[0]/pages[4]/child/children[6]/children[0]/children[0]/onTap/actions[1]/sheet/child/child/children[6]/onTap/actions[1],push,assetPath=lib/stac/tobank/flows/dashboard/json/dashboard_card_edit.json,localJson,dashboard_card_edit,,auto,"canonical json path, address-equal"
lib/stac/tobank/flows/dashboard/json/dashboard_cards_management.json,/body/child/children[0]/pages[4]/child/children[6]/children[0]/children[0]/onTap/actions[1]/sheet/child/child/children[7]/child/children[1]/onTap/positiveAction/actions[1],pushAndRemoveAll,assetPath=lib/stac/tobank/flows/dashboard/json/dashboard_cards_management.json,localJson,dashboard_cards_management,,auto,"canonical json path, address-equal"
lib/stac/tobank/flows/dashboard/json/dashboard_cards_management.json,/body/child/children[2]/child/children[0]/child/children[0]/child/onTap/actions[1]/sheet/child/child/child/children[16]/onPressed/actions[4]/sheet/child/child/children[8]/onPressed/positiveAction/actions[2],push,assetPath=lib/stac/tobank/flows/dashboard/json/dashboard_wallet_transfer_receipt.json,localJson,dashboard_wallet_transfer_receipt,,auto,"canonical json path, address-equal"
lib/stac/tobank/flows/dashboard/json/dashboard_cards_management.json,/body/child/children[2]/child/children[1]/child/children[0]/children[0]/child/onTap/sheet/child/child/children[8]/child/children[0]/child/onPressed/actions[1],push,assetPath=lib/stac/tobank/flows/dashboard/json/dashboard_secondary_pin_get.json,localJson,dashboard_secondary_pin_get,,auto,"canonical json path, address-equal"
lib/stac/tobank/flows/dashboard/json/dashboard_cards_management.json,/body/child/children[2]/child/children[1]/child/children[0]/children[0]/child/onTap/sheet/child/child/children[8]/child/children[0]/replacement/child/onPressed/actions[1],push,assetPath=lib/stac/tobank/flows/dashboard/json/dashboard_secondary_pin_change.json,localJson,dashboard_secondary_pin_change,,auto,"canonical json path, address-equal"
lib/stac/tobank/flows/dashboard/json/dashboard_cards_management.json,/body/child/children[2]/child/children[1]/child/children[0]/children[2]/child/onTap/sheet/child/child/children[8]/child/children[0]/child/onPressed/actions[1],push,assetPath=lib/stac/tobank/flows/dashboard/json/dashboard_primary_pin_get.json,localJson,dashboard_primary_pin_get,,auto,"canonical json path, address-equal"
lib/stac/tobank/flows/dashboard/json/dashboard_cards_management.json,/body/child/children[2]/child/children[1]/child/children[0]/children[2]/child/onTap/sheet/child/child/children[8]/child/children[0]/replacement/child/onPressed/actions[1],push,assetPath=lib/stac/tobank/flows/dashboard/json/dashboard_primary_pin_change.json,localJson,dashboard_primary_pin_change,,auto,"canonical json path, address-equal"
lib/stac/tobank/flows/dashboard/json/dashboard_cards_management.json,/body/child/children[2]/child/children[1]/child/children[2]/children[0]/child/onTap/sheet/child/child/children[14]/child/child/onPressed/positiveAction/actions[1],pushAndRemoveAll,assetPath=lib/stac/tobank/flows/dashboard/json/dashboard_cards_management.json,localJson,dashboard_cards_management,,auto,"canonical json path, address-equal"
lib/stac/tobank/flows/dashboard/json/dashboard_cards_management.json,/body/child/children[2]/child/children[1]/child/children[2]/children[2]/child/onTap/actions[2]/sheet/child/child/child/children[14]/onPressed/actions[1],push,assetPath=lib/stac/tobank/flows/dashboard/json/dashboard_card_reissue_request.json,localJson,dashboard_card_reissue_request,,auto,"canonical json path, address-equal"
lib/stac/tobank/flows/dashboard/json/dashboard_cards_management.json,/body/child/children[2]/child/children[2]/child/children[0]/child/onTap,push,assetPath=lib/stac/tobank/flows/dashboard/json/dashboard_card_balance.json,localJson,dashboard_card_balance,,auto,"canonical json path, address-equal"
lib/stac/tobank/flows/dashboard/json/dashboard_cards_management.json,/body/child/children[2]/child/children[3]/child/children[2]/children[2]/child/onTap/actions[2]/sheet/child/child/child/children[14]/onPressed/actions[1],push,assetPath=lib/stac/tobank/flows/dashboard/json/dashboard_card_reissue_request.json,localJson,dashboard_card_reissue_request,,auto,"canonical json path, address-equal"
lib/stac/tobank/flows/dashboard/json/dashboard_card_balance.json,/child/appBar/actions[0]/onPressed,pop,pop,,,,skip,no source / pop
lib/stac/tobank/flows/dashboard/json/dashboard_card_edit.json,/appBar/actions[0]/child/onPressed,pop,pop,,,,skip,no source / pop
lib/stac/tobank/flows/dashboard/json/dashboard_card_edit.json,/body/child/child/children[10]/onPressed/actions[1],pop,pop,,,,skip,no source / pop
lib/stac/tobank/flows/dashboard/json/dashboard_card_reissue_receipt.json,/body/child/children[8]/onPressed,pushAndRemoveAll,assetPath=lib/stac/tobank/flows/dashboard/json/dashboard_cards_management.json,localJson,dashboard_cards_management,,auto,"canonical json path, address-equal"
lib/stac/tobank/flows/dashboard/json/dashboard_card_reissue_request.json,/child/appBar/actions[0]/onPressed,pop,pop,,,,skip,no source / pop
lib/stac/tobank/flows/dashboard/json/dashboard_card_reissue_request.json,/child/body/child/child/children[24]/onPressed,push,assetPath=lib/stac/tobank/flows/dashboard/json/dashboard_card_reissue_select_card_color.json,localJson,dashboard_card_reissue_select_card_color,,auto,"canonical json path, address-equal"
lib/stac/tobank/flows/dashboard/json/dashboard_card_reissue_select_card_color.json,/child/appBar/actions[0]/onPressed,pop,pop,,,,skip,no source / pop
lib/stac/tobank/flows/dashboard/json/dashboard_card_reissue_select_card_color.json,/child/body/child/children[4]/onPressed/positiveAction/actions[1],push,assetPath=lib/stac/tobank/flows/dashboard/json/dashboard_card_reissue_receipt.json,localJson,dashboard_card_reissue_receipt,,auto,"canonical json path, address-equal"
lib/stac/tobank/flows/dashboard/json/dashboard_primary_pin_change.json,/appBar/actions[0]/child/onPressed,pop,pop,,,,skip,no source / pop
lib/stac/tobank/flows/dashboard/json/dashboard_primary_pin_change.json,/body/child/child/children[18]/onPressed,push,assetPath=lib/stac/tobank/flows/dashboard/json/dashboard_primary_pin_result.json,localJson,dashboard_primary_pin_result,,auto,"canonical json path, address-equal"
lib/stac/tobank/flows/dashboard/json/dashboard_primary_pin_get.json,/appBar/actions[0]/child/onPressed,pop,pop,,,,skip,no source / pop
lib/stac/tobank/flows/dashboard/json/dashboard_primary_pin_get.json,/body/child/children[2]/onPressed,push,assetPath=lib/stac/tobank/flows/dashboard/json/dashboard_primary_pin_result.json,localJson,dashboard_primary_pin_result,,auto,"canonical json path, address-equal"
lib/stac/tobank/flows/dashboard/json/dashboard_primary_pin_result.json,/appBar/actions[0]/child/onPressed,pushAndRemoveAll,assetPath=lib/stac/tobank/flows/dashboard/json/dashboard_cards_management.json,localJson,dashboard_cards_management,,auto,"canonical json path, address-equal"
lib/stac/tobank/flows/dashboard/json/dashboard_primary_pin_result.json,/body/child/children[6]/onPressed,pushAndRemoveAll,assetPath=lib/stac/tobank/flows/dashboard/json/dashboard_cards_management.json,localJson,dashboard_cards_management,,auto,"canonical json path, address-equal"
lib/stac/tobank/flows/dashboard/json/dashboard_secondary_pin_change.json,/appBar/actions[0]/child/onPressed,pop,pop,,,,skip,no source / pop
lib/stac/tobank/flows/dashboard/json/dashboard_secondary_pin_change.json,/body/child/child/children[18]/onPressed,push,assetPath=lib/stac/tobank/flows/dashboard/json/dashboard_secondary_pin_result.json,localJson,dashboard_secondary_pin_result,,auto,"canonical json path, address-equal"
lib/stac/tobank/flows/dashboard/json/dashboard_secondary_pin_get.json,/appBar/actions[0]/child/onPressed,pop,pop,,,,skip,no source / pop
lib/stac/tobank/flows/dashboard/json/dashboard_secondary_pin_get.json,/body/child/children[2]/onPressed,push,assetPath=lib/stac/tobank/flows/dashboard/json/dashboard_secondary_pin_result.json,localJson,dashboard_secondary_pin_result,,auto,"canonical json path, address-equal"
lib/stac/tobank/flows/dashboard/json/dashboard_secondary_pin_result.json,/appBar/actions[0]/child/onPressed,pop,pop,,,,skip,no source / pop
lib/stac/tobank/flows/dashboard/json/dashboard_secondary_pin_result.json,/body/child/children[10]/onPressed,pushAndRemoveAll,assetPath=lib/stac/tobank/flows/dashboard/json/dashboard_cards_management.json,localJson,dashboard_cards_management,,auto,"canonical json path, address-equal"
lib/stac/tobank/flows/dashboard/json/dashboard_shell.json,/child/body/children[0]/body/children[1]/child/children[9]/child/child/children[0]/child/children[0]/onTap,push,routeName=profile_bank_info,dart,profile_bank_info,,auto,"routeName is registered dart key, address-equal"
lib/stac/tobank/flows/dashboard/json/dashboard_shell.json,/child/body/children[0]/body/children[1]/child/children[9]/child/child/children[0]/child/children[2]/onTap,push,routeName=profile_invite_friends,dart,profile_invite_friends,,auto,"routeName is registered dart key, address-equal"
lib/stac/tobank/flows/dashboard/json/dashboard_shell.json,/child/body/children[0]/body/children[1]/child/children[9]/child/child/children[0]/child/children[4]/onTap,push,routeName=profile_destinations,dart,profile_destinations,,auto,"routeName is registered dart key, address-equal"
lib/stac/tobank/flows/dashboard/json/dashboard_shell.json,/child/body/children[0]/body/children[1]/child/children[9]/child/child/children[0]/child/children[6]/onTap,push,routeName=profile_settings,dart,profile_settings,,auto,"routeName is registered dart key, address-equal"
lib/stac/tobank/flows/dashboard/json/dashboard_shell.json,/child/body/children[0]/body/children[1]/child/children[9]/child/child/children[0]/child/children[8]/onTap,push,routeName=profile_rules,dart,profile_rules,,auto,"routeName is registered dart key, address-equal"
lib/stac/tobank/flows/dashboard/json/dashboard_shell.json,/child/body/children[0]/body/children[1]/child/children[9]/child/child/children[0]/child/children[10]/onTap,push,routeName=profile_about,dart,profile_about,,auto,"routeName is registered dart key, address-equal"
lib/stac/tobank/flows/dashboard/json/dashboard_shell.json,/child/body/children[0]/body/children[1]/child/children[9]/child/child/children[0]/child/children[12]/onTap,push,routeName=profile_contact,dart,profile_contact,,auto,"routeName is registered dart key, address-equal"
lib/stac/tobank/flows/dashboard/json/dashboard_shell.json,/child/body/children[1]/child/body/child/children[3]/child/children[0]/children[1]/child/child/child/children[0]/child/children[0]/child/children[2]/child/onTap/actions[1],,routeName=cartable_detail,dart,cartable_detail,,auto,"routeName is registered dart key, address-equal"
lib/stac/tobank/flows/dashboard/json/dashboard_shell.json,/child/body/children[1]/child/body/child/children[3]/child/children[0]/children[1]/child/child/child/children[1]/child/children[0]/child/children[2]/child/onTap/actions[1],,routeName=cartable_detail,dart,cartable_detail,,auto,"routeName is registered dart key, address-equal"
lib/stac/tobank/flows/dashboard/json/dashboard_shell.json,/child/body/children[1]/child/body/child/children[3]/child/children[0]/children[1]/child/child/child/children[1]/child/children[2]/child/children[2]/child/onTap/actions[1],,routeName=cartable_detail,dart,cartable_detail,,auto,"routeName is registered dart key, address-equal"
lib/stac/tobank/flows/dashboard/json/dashboard_shell.json,/child/body/children[1]/child/body/child/children[3]/child/children[0]/children[1]/child/child/child/children[1]/child/children[4]/child/children[2]/child/onTap/actions[1],,routeName=cartable_detail,dart,cartable_detail,,auto,"routeName is registered dart key, address-equal"
lib/stac/tobank/flows/dashboard/json/dashboard_shell.json,/child/body/children[1]/child/body/child/children[3]/child/children[1]/child/child/children[0]/child/children[2]/child/children[0]/child/onTap/actions[1],,routeName=cartable_detail,dart,cartable_detail,,auto,"routeName is registered dart key, address-equal"
lib/stac/tobank/flows/dashboard/json/dashboard_shell.json,/child/body/children[2]/child/body/child/children[2]/child/child/children[1]/child/children[1]/children[0]/onTap,push,routeName=transaction_filter,dart,transaction_filter,,auto,"routeName is registered dart key, address-equal"
lib/stac/tobank/flows/dashboard/json/dashboard_shell.json,/child/body/children[3]/child/body/children[0]/children[1]/child/child/child/children[1]/child/walletCard/children[0]/onTap/actions[1],push,assetPath=lib/stac/tobank/flows/dashboard/json/dashboard_cards_management.json,localJson,dashboard_cards_management,,auto,"canonical json path, address-equal"
lib/stac/tobank/flows/dashboard/json/dashboard_shell.json,/child/body/children[3]/child/body/children[0]/children[1]/child/child/child/children[1]/child/cards[0]/onTap/actions[1],push,assetPath=lib/stac/tobank/flows/dashboard/json/dashboard_cards_management.json,localJson,dashboard_cards_management,,auto,"canonical json path, address-equal"
lib/stac/tobank/flows/dashboard/json/dashboard_shell.json,/child/body/children[3]/child/body/children[0]/children[1]/child/child/child/children[1]/child/cards[1]/onTap/actions[1],push,assetPath=lib/stac/tobank/flows/dashboard/json/dashboard_cards_management.json,localJson,dashboard_cards_management,,auto,"canonical json path, address-equal"
lib/stac/tobank/flows/dashboard/json/dashboard_shell.json,/child/body/children[3]/child/body/children[0]/children[1]/child/child/child/children[1]/child/cards[2]/onTap/actions[1],push,assetPath=lib/stac/tobank/flows/dashboard/json/dashboard_cards_management.json,localJson,dashboard_cards_management,,auto,"canonical json path, address-equal"
lib/stac/tobank/flows/dashboard/json/dashboard_shell.json,/child/body/children[3]/child/body/children[0]/children[1]/child/child/child/children[1]/child/cards[3]/onTap/actions[1],push,assetPath=lib/stac/tobank/flows/dashboard/json/dashboard_cards_management.json,localJson,dashboard_cards_management,,auto,"canonical json path, address-equal"
lib/stac/tobank/flows/dashboard/json/dashboard_shell.json,/child/body/children[3]/child/body/children[0]/children[1]/child/child/child/children[1]/child/cards[4]/onTap/actions[1],push,assetPath=lib/stac/tobank/flows/dashboard/json/dashboard_cards_management.json,localJson,dashboard_cards_management,,auto,"canonical json path, address-equal"
lib/stac/tobank/flows/dashboard/json/dashboard_shell.json,/child/body/children[3]/child/body/children[0]/children[1]/child/child/child/children[1]/child/cards[5]/onTap/actions[1],push,assetPath=lib/stac/tobank/flows/dashboard/json/dashboard_cards_management.json,localJson,dashboard_cards_management,,auto,"canonical json path, address-equal"
lib/stac/tobank/flows/dashboard/json/dashboard_shell.json,/child/body/children[3]/child/body/children[0]/children[1]/child/replacement/child/child/children[1]/child/children[2]/children[2]/child/child/onTap,push,routeName=tobank_travel_services_page,dart,tobank_travel_services_page,,auto,"routeName is registered dart key, address-equal"
lib/stac/tobank/flows/dashboard/json/dashboard_shell.json,/child/body/children[3]/child/body/children[0]/children[1]/child/replacement/child/child/children[1]/child/children[4]/children[0]/child/child/onTap,,routeName=tobank_acceptor_services_page,dart,tobank_acceptor_services_page,,auto,"routeName is registered dart key, address-equal"
lib/stac/tobank/flows/dashboard/json/dashboard_shell.json,/child/body/children[3]/child/body/children[0]/children[1]/child/replacement/replacement/child/children[0]/child/children[0]/child/pages[4]/child/child/child/children[1]/onPressed,push,routeName=verify_identity_intro,dart,verify_identity_intro,,auto,"routeName is registered dart key, address-equal"
lib/stac/tobank/flows/dashboard/json/dashboard_shell.json,/child/body/children[3]/child/body/children[0]/children[1]/child/replacement/replacement/child/children[0]/child/children[4]/children[0]/child/onTap,push,routeName=tobank_special_services_page,dart,tobank_special_services_page,,auto,"routeName is registered dart key, address-equal"
lib/stac/tobank/flows/dashboard/json/dashboard_wallet_transfer_receipt.json,/appBar/actions[0]/onPressed,pop,pop,,,,skip,no source / pop
lib/stac/tobank/flows/deposit_more/json/deposit_card_issue_address.json,/child/appBar/actions[0]/child/onPressed,pop,pop,,,,skip,no source / pop
lib/stac/tobank/flows/deposit_more/json/deposit_card_issue_address.json,/child/body/child/child/children[4]/child/children[28]/onPressed/actions[1]/sheet/child/child/child/children[6]/children[0]/child/onPressed/actions[0],pop,pop,,,,skip,no source / pop
lib/stac/tobank/flows/deposit_more/json/deposit_card_issue_address.json,/child/body/child/child/children[4]/child/children[28]/onPressed/actions[1]/sheet/child/child/child/children[6]/children[0]/child/onPressed/actions[1],push,routeName=deposit_card_issue_template,dart,deposit_card_issue_template,,auto,"routeName is registered dart key, address-equal"
lib/stac/tobank/flows/deposit_more/json/deposit_card_issue_address.json,/child/body/child/child/children[4]/child/children[28]/onPressed/actions[1]/sheet/child/child/child/children[6]/children[2]/child/onPressed,pop,pop,,,,skip,no source / pop
lib/stac/tobank/flows/deposit_more/json/deposit_card_issue_result.json,/body/child/children[2]/onPressed,pop,pop,,,,skip,no source / pop
lib/stac/tobank/flows/deposit_more/json/deposit_card_issue_template.json,/child/appBar/actions[0]/child/onPressed,pop,pop,,,,skip,no source / pop
lib/stac/tobank/flows/deposit_more/json/deposit_card_issue_template.json,/child/body/child/children[4]/onPressed/onSuccess,push,widgetType=deposit_card_issue_result,dart,deposit_card_issue_result,,auto,registry key == fileName
lib/stac/tobank/flows/deposit_more/json/deposit_close_confirm.json,/child/appBar/actions[0]/child/onPressed,pop,pop,,,,skip,no source / pop
lib/stac/tobank/flows/deposit_more/json/deposit_close_confirm.json,/child/body/child/children[4]/onPressed,push,routeName=deposit_close_selector,dart,deposit_close_selector,,auto,"routeName is registered dart key, address-equal"
lib/stac/tobank/flows/deposit_more/json/deposit_close_result.json,/child/appBar/actions[0]/child/onPressed,pop,pop,,,,skip,no source / pop
lib/stac/tobank/flows/deposit_more/json/deposit_close_result.json,/child/body/child/children[2]/onPressed,pop,pop,,,,skip,no source / pop
lib/stac/tobank/flows/deposit_more/json/deposit_close_selector.json,/child/appBar/actions[0]/child/onPressed,pop,pop,,,,skip,no source / pop
lib/stac/tobank/flows/deposit_more/json/deposit_close_selector.json,/child/body/child/children[3]/onPressed/dialog/child/child/children[6]/children[2]/child/onPressed/onSuccess/actions[1],push,routeName=deposit_close_result,dart,deposit_close_result,,auto,"routeName is registered dart key, address-equal"
lib/stac/tobank/flows/deposit_more/json/deposit_more_intro.json,/onInit/actions[1]/sheet/child/child/children[4]/child/children[0]/child/onTap/result,push,routeName=deposit_card_issue_address,dart,deposit_card_issue_address,,auto,"routeName is registered dart key, address-equal"
lib/stac/tobank/flows/deposit_more/json/deposit_more_intro.json,/onInit/actions[1]/sheet/child/child/children[5]/child/onTap/result,push,routeName=deposit_close_confirm,dart,deposit_close_confirm,,auto,"routeName is registered dart key, address-equal"
lib/stac/tobank/flows/deposit_more/json/deposit_more_intro.json,/child/body/child/child/onPressed/sheet/child/child/children[4]/child/children[0]/child/onTap/result,push,routeName=deposit_card_issue_address,dart,deposit_card_issue_address,,auto,"routeName is registered dart key, address-equal"
lib/stac/tobank/flows/deposit_more/json/deposit_more_intro.json,/child/body/child/child/onPressed/sheet/child/child/children[5]/child/onTap/result,push,routeName=deposit_close_confirm,dart,deposit_close_confirm,,auto,"routeName is registered dart key, address-equal"
lib/stac/tobank/flows/deposit_more/json_upload/deposit_card_issue_address.json,/child/appBar/actions[0]/child/onPressed,pop,pop,,,,skip,no source / pop
lib/stac/tobank/flows/deposit_more/json_upload/deposit_card_issue_address.json,/child/body/child/child/children[4]/child/children[28]/onPressed/actions[1]/sheet/child/child/child/children[6]/children[0]/child/onPressed/actions[0],pop,pop,,,,skip,no source / pop
lib/stac/tobank/flows/deposit_more/json_upload/deposit_card_issue_address.json,/child/body/child/child/children[4]/child/children[28]/onPressed/actions[1]/sheet/child/child/child/children[6]/children[0]/child/onPressed/actions[1],push,url=http://192.168.179.21:8101/api/configurations/v1.0/configs/resolve/ipaam.builder.form.form.deposit_card_issue_template/1,apiJson,deposit_card_issue_template,,auto,"real resolveUrl, address-equal"
lib/stac/tobank/flows/deposit_more/json_upload/deposit_card_issue_address.json,/child/body/child/child/children[4]/child/children[28]/onPressed/actions[1]/sheet/child/child/child/children[6]/children[2]/child/onPressed,pop,pop,,,,skip,no source / pop
lib/stac/tobank/flows/deposit_more/json_upload/deposit_card_issue_result.json,/body/child/children[2]/onPressed,pop,pop,,,,skip,no source / pop
lib/stac/tobank/flows/deposit_more/json_upload/deposit_card_issue_template.json,/child/appBar/actions[0]/child/onPressed,pop,pop,,,,skip,no source / pop
lib/stac/tobank/flows/deposit_more/json_upload/deposit_card_issue_template.json,/child/body/child/children[4]/onPressed/onSuccess,push,url=http://192.168.179.21:8101/api/configurations/v1.0/configs/resolve/ipaam.builder.form.form.deposit_card_issue_result/1,apiJson,deposit_card_issue_result,,auto,"real resolveUrl, address-equal"
lib/stac/tobank/flows/deposit_more/json_upload/deposit_close_confirm.json,/child/appBar/actions[0]/child/onPressed,pop,pop,,,,skip,no source / pop
lib/stac/tobank/flows/deposit_more/json_upload/deposit_close_confirm.json,/child/body/child/children[4]/onPressed,push,url=http://192.168.179.21:8101/api/configurations/v1.0/configs/resolve/ipaam.builder.form.form.deposit_close_selector/1,apiJson,deposit_close_selector,,auto,"real resolveUrl, address-equal"
lib/stac/tobank/flows/deposit_more/json_upload/deposit_close_result.json,/child/appBar/actions[0]/child/onPressed,pop,pop,,,,skip,no source / pop
lib/stac/tobank/flows/deposit_more/json_upload/deposit_close_result.json,/child/body/child/children[2]/onPressed,pop,pop,,,,skip,no source / pop
lib/stac/tobank/flows/deposit_more/json_upload/deposit_close_selector.json,/child/appBar/actions[0]/child/onPressed,pop,pop,,,,skip,no source / pop
lib/stac/tobank/flows/deposit_more/json_upload/deposit_close_selector.json,/child/body/child/children[3]/onPressed/dialog/child/child/children[6]/children[2]/child/onPressed/onSuccess/actions[1],push,url=http://192.168.179.21:8101/api/configurations/v1.0/configs/resolve/ipaam.builder.form.form.deposit_close_result/1,apiJson,deposit_close_result,,auto,"real resolveUrl, address-equal"
lib/stac/tobank/flows/deposit_more/json_upload/deposit_more_intro.json,/onInit/actions[1]/sheet/child/child/children[4]/child/children[0]/child/onTap/result,push,url=http://192.168.179.21:8101/api/configurations/v1.0/configs/resolve/ipaam.builder.form.form.deposit_card_issue_address/1,apiJson,deposit_card_issue_address,,auto,"real resolveUrl, address-equal"
lib/stac/tobank/flows/deposit_more/json_upload/deposit_more_intro.json,/onInit/actions[1]/sheet/child/child/children[5]/child/onTap/result,push,url=http://192.168.179.21:8101/api/configurations/v1.0/configs/resolve/ipaam.builder.form.form.deposit_close_confirm/1,apiJson,deposit_close_confirm,,auto,"real resolveUrl, address-equal"
lib/stac/tobank/flows/deposit_more/json_upload/deposit_more_intro.json,/child/body/child/child/onPressed/sheet/child/child/children[4]/child/children[0]/child/onTap/result,push,url=http://192.168.179.21:8101/api/configurations/v1.0/configs/resolve/ipaam.builder.form.form.deposit_card_issue_address/1,apiJson,deposit_card_issue_address,,auto,"real resolveUrl, address-equal"
lib/stac/tobank/flows/deposit_more/json_upload/deposit_more_intro.json,/child/body/child/child/onPressed/sheet/child/child/children[5]/child/onTap/result,push,url=http://192.168.179.21:8101/api/configurations/v1.0/configs/resolve/ipaam.builder.form.form.deposit_close_confirm/1,apiJson,deposit_close_confirm,,auto,"real resolveUrl, address-equal"
lib/stac/tobank/flows/deposit_turnover/json/deposit_turnover_intro.json,/onInit/actions[1]/sheet/child/child/children[11]/onPressed/result/onSuccess,push,routeName=deposit_turnover_transactions,dart,deposit_turnover_transactions,,auto,"routeName is registered dart key, address-equal"
lib/stac/tobank/flows/deposit_turnover/json/deposit_turnover_intro.json,/child/body/child/children[0]/onPressed/sheet/child/child/children[11]/onPressed/result/onSuccess,push,routeName=deposit_turnover_transactions,dart,deposit_turnover_transactions,,auto,"routeName is registered dart key, address-equal"
lib/stac/tobank/flows/deposit_turnover/json/deposit_turnover_transactions.json,/child/child/appBar/actions[0]/child/onPressed,pop,pop,,,,skip,no source / pop
lib/stac/tobank/flows/deposit_turnover/json/deposit_turnover_transactions.json,/child/replacement/appBar/actions[0]/child/onPressed,pop,pop,,,,skip,no source / pop
lib/stac/tobank/flows/deposit_turnover/json_upload/deposit_turnover_intro.json,/onInit/actions[1]/sheet/child/child/children[11]/onPressed/result/onSuccess,push,url=http://192.168.179.21:8101/api/configurations/v1.0/configs/resolve/ipaam.builder.form.form.deposit_turnover_transactions/1,apiJson,deposit_turnover_transactions,,auto,"real resolveUrl, address-equal"
lib/stac/tobank/flows/deposit_turnover/json_upload/deposit_turnover_intro.json,/child/body/child/children[0]/onPressed/sheet/child/child/children[11]/onPressed/result/onSuccess,push,url=http://192.168.179.21:8101/api/configurations/v1.0/configs/resolve/ipaam.builder.form.form.deposit_turnover_transactions/1,apiJson,deposit_turnover_transactions,,auto,"real resolveUrl, address-equal"
lib/stac/tobank/flows/deposit_turnover/json_upload/deposit_turnover_transactions.json,/child/child/appBar/actions[0]/child/onPressed,pop,pop,,,,skip,no source / pop
lib/stac/tobank/flows/deposit_turnover/json_upload/deposit_turnover_transactions.json,/child/replacement/appBar/actions[0]/child/onPressed,pop,pop,,,,skip,no source / pop
lib/stac/tobank/flows/gift_card/api_json/gift_card_confirm.json,/appBar/actions[0]/child/onPressed,pop,pop,,,,skip,no source / pop
lib/stac/tobank/flows/gift_card/api_json/gift_card_custom_design_selector.json,/child/appBar/actions[0]/child/onPressed,pop,pop,,,,skip,no source / pop
lib/stac/tobank/flows/gift_card/api_json/gift_card_custom_design_selector.json,/child/body/children[0]/child/child/child/children[5]/child/children[1]/onTap,push,routeName=gift_card_image_selector,dart,gift_card_image_selector,,auto,"routeName is registered dart key, address-equal"
lib/stac/tobank/flows/gift_card/api_json/gift_card_custom_design_selector.json,/child/body/children[1]/child/child/child/onPressed,push,routeName=gift_card_receiver_info,dart,gift_card_receiver_info,,auto,"routeName is registered dart key, address-equal"
lib/stac/tobank/flows/gift_card/api_json/gift_card_custom_message.json,/child/appBar/actions[0]/child/onPressed,pop,pop,,,,skip,no source / pop
lib/stac/tobank/flows/gift_card/api_json/gift_card_custom_message.json,/child/body/children[1]/child/onPressed/actions[1],pop,pop,,,,skip,no source / pop
lib/stac/tobank/flows/gift_card/api_json/gift_card_custom_message.json,/child/body/children[1]/child/onPressed/actions[2],pop,pop,,,,skip,no source / pop
lib/stac/tobank/flows/gift_card/api_json/gift_card_custom_message.json,/child/body/children[1]/child/onPressed/actions[3],pop,pop,,,,skip,no source / pop
lib/stac/tobank/flows/gift_card/api_json/gift_card_custom_select_design.json,/child/appBar/actions[0]/child/onPressed/actions[1],pop,pop,,,,skip,no source / pop
lib/stac/tobank/flows/gift_card/api_json/gift_card_custom_select_design.json,/child/body/child/children[2]/children[0]/child/onTap/onPlanSelectedAction,push,routeName=gift_card_custom_message,dart,gift_card_custom_message,,auto,"routeName is registered dart key, address-equal"
lib/stac/tobank/flows/gift_card/api_json/gift_card_custom_select_design.json,/child/body/child/children[2]/children[2]/child/onTap/onPlanSelectedAction,push,routeName=gift_card_custom_message,dart,gift_card_custom_message,,auto,"routeName is registered dart key, address-equal"
lib/stac/tobank/flows/gift_card/api_json/gift_card_custom_select_design.json,/child/body/child/children[4]/children[0]/child/onTap/onPlanSelectedAction,push,routeName=gift_card_custom_message,dart,gift_card_custom_message,,auto,"routeName is registered dart key, address-equal"
lib/stac/tobank/flows/gift_card/api_json/gift_card_custom_select_design.json,/child/body/child/children[4]/children[2]/child/onTap/onPlanSelectedAction,push,routeName=gift_card_custom_message,dart,gift_card_custom_message,,auto,"routeName is registered dart key, address-equal"
lib/stac/tobank/flows/gift_card/api_json/gift_card_custom_select_design.json,/child/body/child/children[6]/children[0]/child/onTap/onPlanSelectedAction,push,routeName=gift_card_custom_message,dart,gift_card_custom_message,,auto,"routeName is registered dart key, address-equal"
lib/stac/tobank/flows/gift_card/api_json/gift_card_custom_select_design.json,/child/body/child/children[6]/children[2]/child/onTap/onPlanSelectedAction,push,routeName=gift_card_custom_message,dart,gift_card_custom_message,,auto,"routeName is registered dart key, address-equal"
lib/stac/tobank/flows/gift_card/api_json/gift_card_custom_select_design.json,/child/body/child/children[8]/children[0]/child/onTap/onPlanSelectedAction,push,routeName=gift_card_custom_message,dart,gift_card_custom_message,,auto,"routeName is registered dart key, address-equal"
lib/stac/tobank/flows/gift_card/api_json/gift_card_custom_select_design.json,/child/body/child/children[8]/children[2]/child/onTap/onPlanSelectedAction,push,routeName=gift_card_custom_message,dart,gift_card_custom_message,,auto,"routeName is registered dart key, address-equal"
lib/stac/tobank/flows/gift_card/api_json/gift_card_design_selector.json,/child/appBar/actions[0]/child/onPressed,pop,pop,,,,skip,no source / pop
lib/stac/tobank/flows/gift_card/api_json/gift_card_design_selector.json,/child/body/children[0]/child/child/child/children[5]/onTap,push,routeName=gift_card_select_design,dart,gift_card_select_design,,auto,"routeName is registered dart key, address-equal"
lib/stac/tobank/flows/gift_card/api_json/gift_card_design_selector.json,/child/body/children[1]/child/child/child/onPressed,push,routeName=gift_card_receiver_info,dart,gift_card_receiver_info,,auto,"routeName is registered dart key, address-equal"
lib/stac/tobank/flows/gift_card/api_json/gift_card_image_selector.json,/child/appBar/actions[0]/child/onPressed/actions[1],pop,pop,,,,skip,no source / pop
lib/stac/tobank/flows/gift_card/api_json/gift_card_image_selector.json,/child/body/child/children[1]/child/onPressed/actions[2],push,routeName=gift_card_custom_select_design,dart,gift_card_custom_select_design,,auto,"routeName is registered dart key, address-equal"
lib/stac/tobank/flows/gift_card/api_json/gift_card_intro.json,/appBar/actions[0]/child/onPressed,pop,pop,,,,skip,no source / pop
lib/stac/tobank/flows/gift_card/api_json/gift_card_intro.json,/body/children[1]/child/child/onPressed/continueAction,push,url=http://192.168.179.21:8101/api/configurations/v1.0/configs/resolve/ipaam.builder.form.form.gift_card_select_amount/1,apiJson,gift_card_select_amount,,auto,"real resolveUrl, address-equal"
lib/stac/tobank/flows/gift_card/api_json/gift_card_message.json,/child/appBar/actions[0]/child/onPressed,pop,pop,,,,skip,no source / pop
lib/stac/tobank/flows/gift_card/api_json/gift_card_message.json,/child/body/child/children[1]/child/onPressed/actions[3],pop,pop,,,,skip,no source / pop
lib/stac/tobank/flows/gift_card/api_json/gift_card_message.json,/child/body/child/children[1]/child/onPressed/actions[4],pop,pop,,,,skip,no source / pop
lib/stac/tobank/flows/gift_card/api_json/gift_card_receiver_info.json,/child/appBar/actions[0]/child/onPressed,pop,pop,,,,skip,no source / pop
lib/stac/tobank/flows/gift_card/api_json/gift_card_select_amount.json,/child/appBar/actions[0]/child/onPressed,pop,pop,,,,skip,no source / pop
lib/stac/tobank/flows/gift_card/api_json/gift_card_select_amount.json,/child/body/children[1]/child/onPressed/readyDesignAction,push,url=http://192.168.179.21:8101/api/configurations/v1.0/configs/resolve/ipaam.builder.form.form.gift_card_design_selector/1,apiJson,gift_card_design_selector,,auto,"real resolveUrl, address-equal"
lib/stac/tobank/flows/gift_card/api_json/gift_card_select_amount.json,/child/body/children[1]/child/onPressed/customDesignAction,push,url=http://192.168.179.21:8101/api/configurations/v1.0/configs/resolve/ipaam.builder.form.form.gift_card_custom_design_selector/1,apiJson,gift_card_custom_design_selector,,auto,"real resolveUrl, address-equal"
lib/stac/tobank/flows/gift_card/api_json/gift_card_select_design.json,/child/appBar/actions[0]/child/onPressed/actions[1],pop,pop,,,,skip,no source / pop
lib/stac/tobank/flows/gift_card/api_json/gift_card_select_design.json,/child/body/child/children[2]/children[0]/child/onTap/onPlanSelectedAction,push,routeName=gift_card_message,dart,gift_card_message,,auto,"routeName is registered dart key, address-equal"
lib/stac/tobank/flows/gift_card/api_json/gift_card_select_design.json,/child/body/child/children[2]/children[2]/child/onTap/onPlanSelectedAction,push,routeName=gift_card_message,dart,gift_card_message,,auto,"routeName is registered dart key, address-equal"
lib/stac/tobank/flows/gift_card/api_json/gift_card_select_design.json,/child/body/child/children[4]/children[0]/child/onTap/onPlanSelectedAction,push,routeName=gift_card_message,dart,gift_card_message,,auto,"routeName is registered dart key, address-equal"
lib/stac/tobank/flows/gift_card/api_json/gift_card_select_design.json,/child/body/child/children[4]/children[2]/child/onTap/onPlanSelectedAction,push,routeName=gift_card_message,dart,gift_card_message,,auto,"routeName is registered dart key, address-equal"
lib/stac/tobank/flows/gift_card/api_json/gift_card_select_design.json,/child/body/child/children[6]/children[0]/child/onTap/onPlanSelectedAction,push,routeName=gift_card_message,dart,gift_card_message,,auto,"routeName is registered dart key, address-equal"
lib/stac/tobank/flows/gift_card/api_json/gift_card_select_design.json,/child/body/child/children[6]/children[2]/child/onTap/onPlanSelectedAction,push,routeName=gift_card_message,dart,gift_card_message,,auto,"routeName is registered dart key, address-equal"
lib/stac/tobank/flows/gift_card/api_json/gift_card_select_design.json,/child/body/child/children[8]/children[0]/child/onTap/onPlanSelectedAction,push,routeName=gift_card_message,dart,gift_card_message,,auto,"routeName is registered dart key, address-equal"
lib/stac/tobank/flows/gift_card/api_json/gift_card_select_design.json,/child/body/child/children[8]/children[2]/child/onTap/onPlanSelectedAction,push,routeName=gift_card_message,dart,gift_card_message,,auto,"routeName is registered dart key, address-equal"
lib/stac/tobank/flows/gift_card/json/gift_card_confirm.json,/appBar/actions[0]/child/onPressed,pop,pop,,,,skip,no source / pop
lib/stac/tobank/flows/gift_card/json/gift_card_confirm.json,/body/children[1]/child/onPressed/sheet/onInit/actions[1],pop,pop,,,,skip,no source / pop
lib/stac/tobank/flows/gift_card/json/gift_card_custom_design_selector.json,/child/appBar/actions[0]/child/onPressed,pop,pop,,,,skip,no source / pop
lib/stac/tobank/flows/gift_card/json/gift_card_custom_design_selector.json,/child/body/children[0]/child/child/child/children[5]/child/children[1]/onTap,push,routeName=gift_card_image_selector,dart,gift_card_image_selector,,auto,"routeName is registered dart key, address-equal"
lib/stac/tobank/flows/gift_card/json/gift_card_custom_design_selector.json,/child/body/children[1]/child/child/child/onPressed,push,routeName=gift_card_receiver_info,dart,gift_card_receiver_info,,auto,"routeName is registered dart key, address-equal"
lib/stac/tobank/flows/gift_card/json/gift_card_custom_message.json,/child/appBar/actions[0]/child/onPressed,pop,pop,,,,skip,no source / pop
lib/stac/tobank/flows/gift_card/json/gift_card_custom_message.json,/child/body/children[1]/child/onPressed/actions[1],pop,pop,,,,skip,no source / pop
lib/stac/tobank/flows/gift_card/json/gift_card_custom_message.json,/child/body/children[1]/child/onPressed/actions[2],pop,pop,,,,skip,no source / pop
lib/stac/tobank/flows/gift_card/json/gift_card_custom_message.json,/child/body/children[1]/child/onPressed/actions[3],pop,pop,,,,skip,no source / pop
lib/stac/tobank/flows/gift_card/json/gift_card_custom_select_design.json,/child/appBar/actions[0]/child/onPressed/actions[1],pop,pop,,,,skip,no source / pop
lib/stac/tobank/flows/gift_card/json/gift_card_custom_select_design.json,/child/body/child/children[2]/children[0]/child/onTap/sheet/onInit/actions[0]/onPlanSelectedAction,push,routeName=gift_card_custom_message,dart,gift_card_custom_message,,auto,"routeName is registered dart key, address-equal"
lib/stac/tobank/flows/gift_card/json/gift_card_custom_select_design.json,/child/body/child/children[2]/children[0]/child/onTap/sheet/onInit/actions[1],pop,pop,,,,skip,no source / pop
lib/stac/tobank/flows/gift_card/json/gift_card_custom_select_design.json,/child/body/child/children[2]/children[2]/child/onTap/sheet/onInit/actions[0]/onPlanSelectedAction,push,routeName=gift_card_custom_message,dart,gift_card_custom_message,,auto,"routeName is registered dart key, address-equal"
lib/stac/tobank/flows/gift_card/json/gift_card_custom_select_design.json,/child/body/child/children[2]/children[2]/child/onTap/sheet/onInit/actions[1],pop,pop,,,,skip,no source / pop
lib/stac/tobank/flows/gift_card/json/gift_card_custom_select_design.json,/child/body/child/children[4]/children[0]/child/onTap/sheet/onInit/actions[0]/onPlanSelectedAction,push,routeName=gift_card_custom_message,dart,gift_card_custom_message,,auto,"routeName is registered dart key, address-equal"
lib/stac/tobank/flows/gift_card/json/gift_card_custom_select_design.json,/child/body/child/children[4]/children[0]/child/onTap/sheet/onInit/actions[1],pop,pop,,,,skip,no source / pop
lib/stac/tobank/flows/gift_card/json/gift_card_custom_select_design.json,/child/body/child/children[4]/children[2]/child/onTap/sheet/onInit/actions[0]/onPlanSelectedAction,push,routeName=gift_card_custom_message,dart,gift_card_custom_message,,auto,"routeName is registered dart key, address-equal"
lib/stac/tobank/flows/gift_card/json/gift_card_custom_select_design.json,/child/body/child/children[4]/children[2]/child/onTap/sheet/onInit/actions[1],pop,pop,,,,skip,no source / pop
lib/stac/tobank/flows/gift_card/json/gift_card_custom_select_design.json,/child/body/child/children[6]/children[0]/child/onTap/sheet/onInit/actions[0]/onPlanSelectedAction,push,routeName=gift_card_custom_message,dart,gift_card_custom_message,,auto,"routeName is registered dart key, address-equal"
lib/stac/tobank/flows/gift_card/json/gift_card_custom_select_design.json,/child/body/child/children[6]/children[0]/child/onTap/sheet/onInit/actions[1],pop,pop,,,,skip,no source / pop
lib/stac/tobank/flows/gift_card/json/gift_card_custom_select_design.json,/child/body/child/children[6]/children[2]/child/onTap/sheet/onInit/actions[0]/onPlanSelectedAction,push,routeName=gift_card_custom_message,dart,gift_card_custom_message,,auto,"routeName is registered dart key, address-equal"
lib/stac/tobank/flows/gift_card/json/gift_card_custom_select_design.json,/child/body/child/children[6]/children[2]/child/onTap/sheet/onInit/actions[1],pop,pop,,,,skip,no source / pop
lib/stac/tobank/flows/gift_card/json/gift_card_custom_select_design.json,/child/body/child/children[8]/children[0]/child/onTap/sheet/onInit/actions[0]/onPlanSelectedAction,push,routeName=gift_card_custom_message,dart,gift_card_custom_message,,auto,"routeName is registered dart key, address-equal"
lib/stac/tobank/flows/gift_card/json/gift_card_custom_select_design.json,/child/body/child/children[8]/children[0]/child/onTap/sheet/onInit/actions[1],pop,pop,,,,skip,no source / pop
lib/stac/tobank/flows/gift_card/json/gift_card_custom_select_design.json,/child/body/child/children[8]/children[2]/child/onTap/sheet/onInit/actions[0]/onPlanSelectedAction,push,routeName=gift_card_custom_message,dart,gift_card_custom_message,,auto,"routeName is registered dart key, address-equal"
lib/stac/tobank/flows/gift_card/json/gift_card_custom_select_design.json,/child/body/child/children[8]/children[2]/child/onTap/sheet/onInit/actions[1],pop,pop,,,,skip,no source / pop
lib/stac/tobank/flows/gift_card/json/gift_card_design_selector.json,/child/appBar/actions[0]/child/onPressed,pop,pop,,,,skip,no source / pop
lib/stac/tobank/flows/gift_card/json/gift_card_design_selector.json,/child/body/children[0]/child/child/child/children[5]/onTap,push,routeName=gift_card_select_design,dart,gift_card_select_design,,auto,"routeName is registered dart key, address-equal"
lib/stac/tobank/flows/gift_card/json/gift_card_design_selector.json,/child/body/children[1]/child/child/child/onPressed,push,routeName=gift_card_receiver_info,dart,gift_card_receiver_info,,auto,"routeName is registered dart key, address-equal"
lib/stac/tobank/flows/gift_card/json/gift_card_image_selector.json,/child/appBar/actions[0]/child/onPressed/actions[1],pop,pop,,,,skip,no source / pop
lib/stac/tobank/flows/gift_card/json/gift_card_image_selector.json,/child/body/child/children[1]/child/onPressed/actions[2],push,routeName=gift_card_custom_select_design,dart,gift_card_custom_select_design,,auto,"routeName is registered dart key, address-equal"
lib/stac/tobank/flows/gift_card/json/gift_card_intro.json,/appBar/actions[0]/child/onPressed,pop,pop,,,,skip,no source / pop
lib/stac/tobank/flows/gift_card/json/gift_card_intro.json,/body/children[1]/child/child/onPressed/sheet/onInit/actions[0]/continueAction,push,routeName=gift_card_select_amount,dart,gift_card_select_amount,,auto,"routeName is registered dart key, address-equal"
lib/stac/tobank/flows/gift_card/json/gift_card_intro.json,/body/children[1]/child/child/onPressed/sheet/onInit/actions[1],pop,pop,,,,skip,no source / pop
lib/stac/tobank/flows/gift_card/json/gift_card_message.json,/child/appBar/actions[0]/child/onPressed,pop,pop,,,,skip,no source / pop
lib/stac/tobank/flows/gift_card/json/gift_card_message.json,/child/body/child/children[0]/child/child/children[0]/children[2]/onTap/sheet/onInit/actions[1],pop,pop,,,,skip,no source / pop
lib/stac/tobank/flows/gift_card/json/gift_card_message.json,/child/body/child/children[1]/child/onPressed/actions[3],pop,pop,,,,skip,no source / pop
lib/stac/tobank/flows/gift_card/json/gift_card_message.json,/child/body/child/children[1]/child/onPressed/actions[4],pop,pop,,,,skip,no source / pop
lib/stac/tobank/flows/gift_card/json/gift_card_receiver_info.json,/child/appBar/actions[0]/child/onPressed,pop,pop,,,,skip,no source / pop
lib/stac/tobank/flows/gift_card/json/gift_card_receiver_info.json,/child/body/child/children[0]/child/child/children[7]/onTap/actions[0]/sheet/onInit/actions[1],pop,pop,,,,skip,no source / pop
lib/stac/tobank/flows/gift_card/json/gift_card_receiver_info.json,/child/body/child/children[0]/child/child/children[11]/onTap/actions[0]/sheet/onInit/actions[1],pop,pop,,,,skip,no source / pop
lib/stac/tobank/flows/gift_card/json/gift_card_receiver_info.json,/child/body/child/children[1]/child/onPressed/sheet/onInit/actions[1],pop,pop,,,,skip,no source / pop
lib/stac/tobank/flows/gift_card/json/gift_card_select_amount.json,/child/appBar/actions[0]/child/onPressed,pop,pop,,,,skip,no source / pop
lib/stac/tobank/flows/gift_card/json/gift_card_select_amount.json,/child/body/children[0]/child/child/child/children[0]/children[2]/onTap/sheet/onInit/actions[1],pop,pop,,,,skip,no source / pop
lib/stac/tobank/flows/gift_card/json/gift_card_select_amount.json,/child/body/children[0]/child/child/child/children[2]/child/children[0]/children[0]/child/onTap/sheet/onInit/actions[1],pop,pop,,,,skip,no source / pop
lib/stac/tobank/flows/gift_card/json/gift_card_select_amount.json,/child/body/children[0]/child/child/child/children[3]/child/children[1]/child/children[0]/children[0]/child/onTap/sheet/onInit/actions[1],pop,pop,,,,skip,no source / pop
lib/stac/tobank/flows/gift_card/json/gift_card_select_amount.json,/child/body/children[0]/child/child/child/children[4]/child/children[1]/child/children[0]/children[0]/child/onTap/sheet/onInit/actions[1],pop,pop,,,,skip,no source / pop
lib/stac/tobank/flows/gift_card/json/gift_card_select_amount.json,/child/body/children[1]/child/onPressed/sheet/onInit/actions[0]/readyDesignAction,push,routeName=gift_card_design_selector,dart,gift_card_design_selector,,auto,"routeName is registered dart key, address-equal"
lib/stac/tobank/flows/gift_card/json/gift_card_select_amount.json,/child/body/children[1]/child/onPressed/sheet/onInit/actions[0]/customDesignAction,push,routeName=gift_card_custom_design_selector,dart,gift_card_custom_design_selector,,auto,"routeName is registered dart key, address-equal"
lib/stac/tobank/flows/gift_card/json/gift_card_select_amount.json,/child/body/children[1]/child/onPressed/sheet/onInit/actions[1],pop,pop,,,,skip,no source / pop
lib/stac/tobank/flows/gift_card/json/gift_card_select_design.json,/child/appBar/actions[0]/child/onPressed/actions[1],pop,pop,,,,skip,no source / pop
lib/stac/tobank/flows/gift_card/json/gift_card_select_design.json,/child/body/child/children[2]/children[0]/child/onTap/sheet/onInit/actions[0]/onPlanSelectedAction,push,routeName=gift_card_message,dart,gift_card_message,,auto,"routeName is registered dart key, address-equal"
lib/stac/tobank/flows/gift_card/json/gift_card_select_design.json,/child/body/child/children[2]/children[0]/child/onTap/sheet/onInit/actions[1],pop,pop,,,,skip,no source / pop
lib/stac/tobank/flows/gift_card/json/gift_card_select_design.json,/child/body/child/children[2]/children[2]/child/onTap/sheet/onInit/actions[0]/onPlanSelectedAction,push,routeName=gift_card_message,dart,gift_card_message,,auto,"routeName is registered dart key, address-equal"
lib/stac/tobank/flows/gift_card/json/gift_card_select_design.json,/child/body/child/children[2]/children[2]/child/onTap/sheet/onInit/actions[1],pop,pop,,,,skip,no source / pop
lib/stac/tobank/flows/gift_card/json/gift_card_select_design.json,/child/body/child/children[4]/children[0]/child/onTap/sheet/onInit/actions[0]/onPlanSelectedAction,push,routeName=gift_card_message,dart,gift_card_message,,auto,"routeName is registered dart key, address-equal"
lib/stac/tobank/flows/gift_card/json/gift_card_select_design.json,/child/body/child/children[4]/children[0]/child/onTap/sheet/onInit/actions[1],pop,pop,,,,skip,no source / pop
lib/stac/tobank/flows/gift_card/json/gift_card_select_design.json,/child/body/child/children[4]/children[2]/child/onTap/sheet/onInit/actions[0]/onPlanSelectedAction,push,routeName=gift_card_message,dart,gift_card_message,,auto,"routeName is registered dart key, address-equal"
lib/stac/tobank/flows/gift_card/json/gift_card_select_design.json,/child/body/child/children[4]/children[2]/child/onTap/sheet/onInit/actions[1],pop,pop,,,,skip,no source / pop
lib/stac/tobank/flows/gift_card/json/gift_card_select_design.json,/child/body/child/children[6]/children[0]/child/onTap/sheet/onInit/actions[0]/onPlanSelectedAction,push,routeName=gift_card_message,dart,gift_card_message,,auto,"routeName is registered dart key, address-equal"
lib/stac/tobank/flows/gift_card/json/gift_card_select_design.json,/child/body/child/children[6]/children[0]/child/onTap/sheet/onInit/actions[1],pop,pop,,,,skip,no source / pop
lib/stac/tobank/flows/gift_card/json/gift_card_select_design.json,/child/body/child/children[6]/children[2]/child/onTap/sheet/onInit/actions[0]/onPlanSelectedAction,push,routeName=gift_card_message,dart,gift_card_message,,auto,"routeName is registered dart key, address-equal"
lib/stac/tobank/flows/gift_card/json/gift_card_select_design.json,/child/body/child/children[6]/children[2]/child/onTap/sheet/onInit/actions[1],pop,pop,,,,skip,no source / pop
lib/stac/tobank/flows/gift_card/json/gift_card_select_design.json,/child/body/child/children[8]/children[0]/child/onTap/sheet/onInit/actions[0]/onPlanSelectedAction,push,routeName=gift_card_message,dart,gift_card_message,,auto,"routeName is registered dart key, address-equal"
lib/stac/tobank/flows/gift_card/json/gift_card_select_design.json,/child/body/child/children[8]/children[0]/child/onTap/sheet/onInit/actions[1],pop,pop,,,,skip,no source / pop
lib/stac/tobank/flows/gift_card/json/gift_card_select_design.json,/child/body/child/children[8]/children[2]/child/onTap/sheet/onInit/actions[0]/onPlanSelectedAction,push,routeName=gift_card_message,dart,gift_card_message,,auto,"routeName is registered dart key, address-equal"
lib/stac/tobank/flows/gift_card/json/gift_card_select_design.json,/child/body/child/children[8]/children[2]/child/onTap/sheet/onInit/actions[1],pop,pop,,,,skip,no source / pop
lib/stac/tobank/flows/gift_card/json_upload/gift_card_confirm.json,/appBar/actions[0]/child/onPressed,pop,pop,,,,skip,no source / pop
lib/stac/tobank/flows/gift_card/json_upload/gift_card_confirm.json,/body/children[1]/child/onPressed/sheet/onInit/actions[1],pop,pop,,,,skip,no source / pop
lib/stac/tobank/flows/gift_card/json_upload/gift_card_custom_design_selector.json,/child/appBar/actions[0]/child/onPressed,pop,pop,,,,skip,no source / pop
lib/stac/tobank/flows/gift_card/json_upload/gift_card_custom_design_selector.json,/child/body/children[0]/child/child/child/children[5]/child/children[1]/onTap,push,url=http://192.168.179.21:8101/api/configurations/v1.0/configs/resolve/ipaam.builder.form.form.gift_card_image_selector/1,apiJson,gift_card_image_selector,,auto,"real resolveUrl, address-equal"
lib/stac/tobank/flows/gift_card/json_upload/gift_card_custom_design_selector.json,/child/body/children[1]/child/child/child/onPressed,push,url=http://192.168.179.21:8101/api/configurations/v1.0/configs/resolve/ipaam.builder.form.form.gift_card_receiver_info/1,apiJson,gift_card_receiver_info,,auto,"real resolveUrl, address-equal"
lib/stac/tobank/flows/gift_card/json_upload/gift_card_custom_message.json,/child/appBar/actions[0]/child/onPressed,pop,pop,,,,skip,no source / pop
lib/stac/tobank/flows/gift_card/json_upload/gift_card_custom_message.json,/child/body/children[1]/child/onPressed/actions[1],pop,pop,,,,skip,no source / pop
lib/stac/tobank/flows/gift_card/json_upload/gift_card_custom_message.json,/child/body/children[1]/child/onPressed/actions[2],pop,pop,,,,skip,no source / pop
lib/stac/tobank/flows/gift_card/json_upload/gift_card_custom_message.json,/child/body/children[1]/child/onPressed/actions[3],pop,pop,,,,skip,no source / pop
lib/stac/tobank/flows/gift_card/json_upload/gift_card_custom_select_design.json,/child/appBar/actions[0]/child/onPressed/actions[1],pop,pop,,,,skip,no source / pop
lib/stac/tobank/flows/gift_card/json_upload/gift_card_custom_select_design.json,/child/body/child/children[2]/children[0]/child/onTap/sheet/onInit/actions[0]/onPlanSelectedAction,push,url=http://192.168.179.21:8101/api/configurations/v1.0/configs/resolve/ipaam.builder.form.form.gift_card_custom_message/1,apiJson,gift_card_custom_message,,auto,"real resolveUrl, address-equal"
lib/stac/tobank/flows/gift_card/json_upload/gift_card_custom_select_design.json,/child/body/child/children[2]/children[0]/child/onTap/sheet/onInit/actions[1],pop,pop,,,,skip,no source / pop
lib/stac/tobank/flows/gift_card/json_upload/gift_card_custom_select_design.json,/child/body/child/children[2]/children[2]/child/onTap/sheet/onInit/actions[0]/onPlanSelectedAction,push,url=http://192.168.179.21:8101/api/configurations/v1.0/configs/resolve/ipaam.builder.form.form.gift_card_custom_message/1,apiJson,gift_card_custom_message,,auto,"real resolveUrl, address-equal"
lib/stac/tobank/flows/gift_card/json_upload/gift_card_custom_select_design.json,/child/body/child/children[2]/children[2]/child/onTap/sheet/onInit/actions[1],pop,pop,,,,skip,no source / pop
lib/stac/tobank/flows/gift_card/json_upload/gift_card_custom_select_design.json,/child/body/child/children[4]/children[0]/child/onTap/sheet/onInit/actions[0]/onPlanSelectedAction,push,url=http://192.168.179.21:8101/api/configurations/v1.0/configs/resolve/ipaam.builder.form.form.gift_card_custom_message/1,apiJson,gift_card_custom_message,,auto,"real resolveUrl, address-equal"
lib/stac/tobank/flows/gift_card/json_upload/gift_card_custom_select_design.json,/child/body/child/children[4]/children[0]/child/onTap/sheet/onInit/actions[1],pop,pop,,,,skip,no source / pop
lib/stac/tobank/flows/gift_card/json_upload/gift_card_custom_select_design.json,/child/body/child/children[4]/children[2]/child/onTap/sheet/onInit/actions[0]/onPlanSelectedAction,push,url=http://192.168.179.21:8101/api/configurations/v1.0/configs/resolve/ipaam.builder.form.form.gift_card_custom_message/1,apiJson,gift_card_custom_message,,auto,"real resolveUrl, address-equal"
lib/stac/tobank/flows/gift_card/json_upload/gift_card_custom_select_design.json,/child/body/child/children[4]/children[2]/child/onTap/sheet/onInit/actions[1],pop,pop,,,,skip,no source / pop
lib/stac/tobank/flows/gift_card/json_upload/gift_card_custom_select_design.json,/child/body/child/children[6]/children[0]/child/onTap/sheet/onInit/actions[0]/onPlanSelectedAction,push,url=http://192.168.179.21:8101/api/configurations/v1.0/configs/resolve/ipaam.builder.form.form.gift_card_custom_message/1,apiJson,gift_card_custom_message,,auto,"real resolveUrl, address-equal"
lib/stac/tobank/flows/gift_card/json_upload/gift_card_custom_select_design.json,/child/body/child/children[6]/children[0]/child/onTap/sheet/onInit/actions[1],pop,pop,,,,skip,no source / pop
lib/stac/tobank/flows/gift_card/json_upload/gift_card_custom_select_design.json,/child/body/child/children[6]/children[2]/child/onTap/sheet/onInit/actions[0]/onPlanSelectedAction,push,url=http://192.168.179.21:8101/api/configurations/v1.0/configs/resolve/ipaam.builder.form.form.gift_card_custom_message/1,apiJson,gift_card_custom_message,,auto,"real resolveUrl, address-equal"
lib/stac/tobank/flows/gift_card/json_upload/gift_card_custom_select_design.json,/child/body/child/children[6]/children[2]/child/onTap/sheet/onInit/actions[1],pop,pop,,,,skip,no source / pop
lib/stac/tobank/flows/gift_card/json_upload/gift_card_custom_select_design.json,/child/body/child/children[8]/children[0]/child/onTap/sheet/onInit/actions[0]/onPlanSelectedAction,push,url=http://192.168.179.21:8101/api/configurations/v1.0/configs/resolve/ipaam.builder.form.form.gift_card_custom_message/1,apiJson,gift_card_custom_message,,auto,"real resolveUrl, address-equal"
lib/stac/tobank/flows/gift_card/json_upload/gift_card_custom_select_design.json,/child/body/child/children[8]/children[0]/child/onTap/sheet/onInit/actions[1],pop,pop,,,,skip,no source / pop
lib/stac/tobank/flows/gift_card/json_upload/gift_card_custom_select_design.json,/child/body/child/children[8]/children[2]/child/onTap/sheet/onInit/actions[0]/onPlanSelectedAction,push,url=http://192.168.179.21:8101/api/configurations/v1.0/configs/resolve/ipaam.builder.form.form.gift_card_custom_message/1,apiJson,gift_card_custom_message,,auto,"real resolveUrl, address-equal"
lib/stac/tobank/flows/gift_card/json_upload/gift_card_custom_select_design.json,/child/body/child/children[8]/children[2]/child/onTap/sheet/onInit/actions[1],pop,pop,,,,skip,no source / pop
lib/stac/tobank/flows/gift_card/json_upload/gift_card_design_selector.json,/child/appBar/actions[0]/child/onPressed,pop,pop,,,,skip,no source / pop
lib/stac/tobank/flows/gift_card/json_upload/gift_card_design_selector.json,/child/body/children[0]/child/child/child/children[5]/onTap,push,url=http://192.168.179.21:8101/api/configurations/v1.0/configs/resolve/ipaam.builder.form.form.gift_card_select_design/1,apiJson,gift_card_select_design,,auto,"real resolveUrl, address-equal"
lib/stac/tobank/flows/gift_card/json_upload/gift_card_design_selector.json,/child/body/children[1]/child/child/child/onPressed,push,url=http://192.168.179.21:8101/api/configurations/v1.0/configs/resolve/ipaam.builder.form.form.gift_card_receiver_info/1,apiJson,gift_card_receiver_info,,auto,"real resolveUrl, address-equal"
lib/stac/tobank/flows/gift_card/json_upload/gift_card_image_selector.json,/child/appBar/actions[0]/child/onPressed/actions[1],pop,pop,,,,skip,no source / pop
lib/stac/tobank/flows/gift_card/json_upload/gift_card_image_selector.json,/child/body/child/children[1]/child/onPressed/actions[2],push,url=http://192.168.179.21:8101/api/configurations/v1.0/configs/resolve/ipaam.builder.form.form.gift_card_custom_select_design/1,apiJson,gift_card_custom_select_design,,auto,"real resolveUrl, address-equal"
lib/stac/tobank/flows/gift_card/json_upload/gift_card_intro.json,/appBar/actions[0]/child/onPressed,pop,pop,,,,skip,no source / pop
lib/stac/tobank/flows/gift_card/json_upload/gift_card_intro.json,/body/children[1]/child/child/onPressed/sheet/onInit/actions[0]/continueAction,push,url=http://192.168.179.21:8101/api/configurations/v1.0/configs/resolve/ipaam.builder.form.form.gift_card_select_amount/1,apiJson,gift_card_select_amount,,auto,"real resolveUrl, address-equal"
lib/stac/tobank/flows/gift_card/json_upload/gift_card_intro.json,/body/children[1]/child/child/onPressed/sheet/onInit/actions[1],pop,pop,,,,skip,no source / pop
lib/stac/tobank/flows/gift_card/json_upload/gift_card_message.json,/child/appBar/actions[0]/child/onPressed,pop,pop,,,,skip,no source / pop
lib/stac/tobank/flows/gift_card/json_upload/gift_card_message.json,/child/body/child/children[0]/child/child/children[0]/children[2]/onTap/sheet/onInit/actions[1],pop,pop,,,,skip,no source / pop
lib/stac/tobank/flows/gift_card/json_upload/gift_card_message.json,/child/body/child/children[1]/child/onPressed/actions[3],pop,pop,,,,skip,no source / pop
lib/stac/tobank/flows/gift_card/json_upload/gift_card_message.json,/child/body/child/children[1]/child/onPressed/actions[4],pop,pop,,,,skip,no source / pop
lib/stac/tobank/flows/gift_card/json_upload/gift_card_receiver_info.json,/child/appBar/actions[0]/child/onPressed,pop,pop,,,,skip,no source / pop
lib/stac/tobank/flows/gift_card/json_upload/gift_card_receiver_info.json,/child/body/child/children[0]/child/child/children[7]/onTap/actions[0]/sheet/onInit/actions[1],pop,pop,,,,skip,no source / pop
lib/stac/tobank/flows/gift_card/json_upload/gift_card_receiver_info.json,/child/body/child/children[0]/child/child/children[11]/onTap/actions[0]/sheet/onInit/actions[1],pop,pop,,,,skip,no source / pop
lib/stac/tobank/flows/gift_card/json_upload/gift_card_receiver_info.json,/child/body/child/children[1]/child/onPressed/sheet/onInit/actions[1],pop,pop,,,,skip,no source / pop
lib/stac/tobank/flows/gift_card/json_upload/gift_card_select_amount.json,/child/appBar/actions[0]/child/onPressed,pop,pop,,,,skip,no source / pop
lib/stac/tobank/flows/gift_card/json_upload/gift_card_select_amount.json,/child/body/children[0]/child/child/child/children[0]/children[2]/onTap/sheet/onInit/actions[1],pop,pop,,,,skip,no source / pop
lib/stac/tobank/flows/gift_card/json_upload/gift_card_select_amount.json,/child/body/children[0]/child/child/child/children[2]/child/children[0]/children[0]/child/onTap/sheet/onInit/actions[1],pop,pop,,,,skip,no source / pop
lib/stac/tobank/flows/gift_card/json_upload/gift_card_select_amount.json,/child/body/children[0]/child/child/child/children[3]/child/children[1]/child/children[0]/children[0]/child/onTap/sheet/onInit/actions[1],pop,pop,,,,skip,no source / pop
lib/stac/tobank/flows/gift_card/json_upload/gift_card_select_amount.json,/child/body/children[0]/child/child/child/children[4]/child/children[1]/child/children[0]/children[0]/child/onTap/sheet/onInit/actions[1],pop,pop,,,,skip,no source / pop
lib/stac/tobank/flows/gift_card/json_upload/gift_card_select_amount.json,/child/body/children[1]/child/onPressed/sheet/onInit/actions[0]/readyDesignAction,push,url=http://192.168.179.21:8101/api/configurations/v1.0/configs/resolve/ipaam.builder.form.form.gift_card_design_selector/1,apiJson,gift_card_design_selector,,auto,"real resolveUrl, address-equal"
lib/stac/tobank/flows/gift_card/json_upload/gift_card_select_amount.json,/child/body/children[1]/child/onPressed/sheet/onInit/actions[0]/customDesignAction,push,url=http://192.168.179.21:8101/api/configurations/v1.0/configs/resolve/ipaam.builder.form.form.gift_card_custom_design_selector/1,apiJson,gift_card_custom_design_selector,,auto,"real resolveUrl, address-equal"
lib/stac/tobank/flows/gift_card/json_upload/gift_card_select_amount.json,/child/body/children[1]/child/onPressed/sheet/onInit/actions[1],pop,pop,,,,skip,no source / pop
lib/stac/tobank/flows/gift_card/json_upload/gift_card_select_design.json,/child/appBar/actions[0]/child/onPressed/actions[1],pop,pop,,,,skip,no source / pop
lib/stac/tobank/flows/gift_card/json_upload/gift_card_select_design.json,/child/body/child/children[2]/children[0]/child/onTap/sheet/onInit/actions[0]/onPlanSelectedAction,push,url=http://192.168.179.21:8101/api/configurations/v1.0/configs/resolve/ipaam.builder.form.form.gift_card_message/1,apiJson,gift_card_message,,auto,"real resolveUrl, address-equal"
lib/stac/tobank/flows/gift_card/json_upload/gift_card_select_design.json,/child/body/child/children[2]/children[0]/child/onTap/sheet/onInit/actions[1],pop,pop,,,,skip,no source / pop
lib/stac/tobank/flows/gift_card/json_upload/gift_card_select_design.json,/child/body/child/children[2]/children[2]/child/onTap/sheet/onInit/actions[0]/onPlanSelectedAction,push,url=http://192.168.179.21:8101/api/configurations/v1.0/configs/resolve/ipaam.builder.form.form.gift_card_message/1,apiJson,gift_card_message,,auto,"real resolveUrl, address-equal"
lib/stac/tobank/flows/gift_card/json_upload/gift_card_select_design.json,/child/body/child/children[2]/children[2]/child/onTap/sheet/onInit/actions[1],pop,pop,,,,skip,no source / pop
lib/stac/tobank/flows/gift_card/json_upload/gift_card_select_design.json,/child/body/child/children[4]/children[0]/child/onTap/sheet/onInit/actions[0]/onPlanSelectedAction,push,url=http://192.168.179.21:8101/api/configurations/v1.0/configs/resolve/ipaam.builder.form.form.gift_card_message/1,apiJson,gift_card_message,,auto,"real resolveUrl, address-equal"
lib/stac/tobank/flows/gift_card/json_upload/gift_card_select_design.json,/child/body/child/children[4]/children[0]/child/onTap/sheet/onInit/actions[1],pop,pop,,,,skip,no source / pop
lib/stac/tobank/flows/gift_card/json_upload/gift_card_select_design.json,/child/body/child/children[4]/children[2]/child/onTap/sheet/onInit/actions[0]/onPlanSelectedAction,push,url=http://192.168.179.21:8101/api/configurations/v1.0/configs/resolve/ipaam.builder.form.form.gift_card_message/1,apiJson,gift_card_message,,auto,"real resolveUrl, address-equal"
lib/stac/tobank/flows/gift_card/json_upload/gift_card_select_design.json,/child/body/child/children[4]/children[2]/child/onTap/sheet/onInit/actions[1],pop,pop,,,,skip,no source / pop
lib/stac/tobank/flows/gift_card/json_upload/gift_card_select_design.json,/child/body/child/children[6]/children[0]/child/onTap/sheet/onInit/actions[0]/onPlanSelectedAction,push,url=http://192.168.179.21:8101/api/configurations/v1.0/configs/resolve/ipaam.builder.form.form.gift_card_message/1,apiJson,gift_card_message,,auto,"real resolveUrl, address-equal"
lib/stac/tobank/flows/gift_card/json_upload/gift_card_select_design.json,/child/body/child/children[6]/children[0]/child/onTap/sheet/onInit/actions[1],pop,pop,,,,skip,no source / pop
lib/stac/tobank/flows/gift_card/json_upload/gift_card_select_design.json,/child/body/child/children[6]/children[2]/child/onTap/sheet/onInit/actions[0]/onPlanSelectedAction,push,url=http://192.168.179.21:8101/api/configurations/v1.0/configs/resolve/ipaam.builder.form.form.gift_card_message/1,apiJson,gift_card_message,,auto,"real resolveUrl, address-equal"
lib/stac/tobank/flows/gift_card/json_upload/gift_card_select_design.json,/child/body/child/children[6]/children[2]/child/onTap/sheet/onInit/actions[1],pop,pop,,,,skip,no source / pop
lib/stac/tobank/flows/gift_card/json_upload/gift_card_select_design.json,/child/body/child/children[8]/children[0]/child/onTap/sheet/onInit/actions[0]/onPlanSelectedAction,push,url=http://192.168.179.21:8101/api/configurations/v1.0/configs/resolve/ipaam.builder.form.form.gift_card_message/1,apiJson,gift_card_message,,auto,"real resolveUrl, address-equal"
lib/stac/tobank/flows/gift_card/json_upload/gift_card_select_design.json,/child/body/child/children[8]/children[0]/child/onTap/sheet/onInit/actions[1],pop,pop,,,,skip,no source / pop
lib/stac/tobank/flows/gift_card/json_upload/gift_card_select_design.json,/child/body/child/children[8]/children[2]/child/onTap/sheet/onInit/actions[0]/onPlanSelectedAction,push,url=http://192.168.179.21:8101/api/configurations/v1.0/configs/resolve/ipaam.builder.form.form.gift_card_message/1,apiJson,gift_card_message,,auto,"real resolveUrl, address-equal"
lib/stac/tobank/flows/gift_card/json_upload/gift_card_select_design.json,/child/body/child/children[8]/children[2]/child/onTap/sheet/onInit/actions[1],pop,pop,,,,skip,no source / pop
lib/stac/tobank/flows/home_page/api/GET_tobank_acceptor_services_page.json,/body/child/children[0]/children[1]/child/children[3]/child/onPressed,pop,pop,,,,skip,no source / pop
lib/stac/tobank/flows/home_page/api/GET_tobank_home_page_dart.json,/child/body/children[0]/children[1]/child/child/child/children[1]/child/walletCard/children[0]/onTap/actions[1],push,widgetType=dashboard_cards_management,dart,dashboard_cards_management,,auto,registry key == fileName
lib/stac/tobank/flows/home_page/api/GET_tobank_home_page_dart.json,/child/body/children[0]/children[1]/child/child/child/children[1]/child/cards[0]/onTap/actions[1],push,widgetType=dashboard_cards_management,dart,dashboard_cards_management,,auto,registry key == fileName
lib/stac/tobank/flows/home_page/api/GET_tobank_home_page_dart.json,/child/body/children[0]/children[1]/child/child/child/children[1]/child/cards[1]/onTap/actions[1],push,widgetType=dashboard_cards_management,dart,dashboard_cards_management,,auto,registry key == fileName
lib/stac/tobank/flows/home_page/api/GET_tobank_home_page_dart.json,/child/body/children[0]/children[1]/child/child/child/children[1]/child/cards[2]/onTap/actions[1],push,widgetType=dashboard_cards_management,dart,dashboard_cards_management,,auto,registry key == fileName
lib/stac/tobank/flows/home_page/api/GET_tobank_home_page_dart.json,/child/body/children[0]/children[1]/child/child/child/children[1]/child/cards[3]/onTap/actions[1],push,widgetType=dashboard_cards_management,dart,dashboard_cards_management,,auto,registry key == fileName
lib/stac/tobank/flows/home_page/api/GET_tobank_home_page_dart.json,/child/body/children[0]/children[1]/child/child/child/children[1]/child/cards[4]/onTap/actions[1],push,widgetType=dashboard_cards_management,dart,dashboard_cards_management,,auto,registry key == fileName
lib/stac/tobank/flows/home_page/api/GET_tobank_home_page_dart.json,/child/body/children[0]/children[1]/child/child/child/children[1]/child/cards[5]/onTap/actions[1],push,widgetType=dashboard_cards_management,dart,dashboard_cards_management,,auto,registry key == fileName
lib/stac/tobank/flows/home_page/api/GET_tobank_home_page_dart.json,/child/body/children[0]/children[1]/child/replacement/child/child/children[1]/child/children[2]/children[2]/child/child/onTap,push,routeName=tobank_travel_services_page,dart,tobank_travel_services_page,,auto,"routeName is registered dart key, address-equal"
lib/stac/tobank/flows/home_page/api/GET_tobank_home_page_dart.json,/child/body/children[0]/children[1]/child/replacement/child/child/children[1]/child/children[4]/children[0]/child/child/onTap,,routeName=tobank_acceptor_services_page,dart,tobank_acceptor_services_page,,auto,"routeName is registered dart key, address-equal"
lib/stac/tobank/flows/home_page/api/GET_tobank_home_page_dart.json,/child/body/children[0]/children[1]/child/replacement/replacement/child/children[0]/child/children[4]/children[0]/child/onTap,push,routeName=tobank_special_services_page,dart,tobank_special_services_page,,auto,"routeName is registered dart key, address-equal"
lib/stac/tobank/flows/home_page/api/GET_tobank_special_services_page.json,/appBar/actions[0]/child/onPressed,pop,pop,,,,skip,no source / pop
lib/stac/tobank/flows/home_page/api/GET_tobank_special_services_page.json,/body/child/child/children[4]/children[0]/child/onTap,push,routeName=promissory_intro,dart,promissory_intro,,auto,"routeName is registered dart key, address-equal"
lib/stac/tobank/flows/home_page/api/GET_tobank_travel_services_page.json,/body/child/children[0]/children[1]/child/children[3]/child/onPressed,pop,pop,,,,skip,no source / pop
lib/stac/tobank/flows/home_page/json/tobank_acceptor_services_page.json,/body/child/children[0]/children[1]/child/children[3]/child/onPressed,pop,pop,,,,skip,no source / pop
lib/stac/tobank/flows/home_page/json/tobank_home_page_dart.json,/child/body/children[0]/children[1]/child/child/child/children[1]/child/walletCard/children[0]/onTap/actions[1],push,assetPath=lib/stac/tobank/flows/dashboard/json/dashboard_cards_management.json,localJson,dashboard_cards_management,,auto,"canonical json path, address-equal"
lib/stac/tobank/flows/home_page/json/tobank_home_page_dart.json,/child/body/children[0]/children[1]/child/child/child/children[1]/child/cards[0]/onTap/actions[1],push,assetPath=lib/stac/tobank/flows/dashboard/json/dashboard_cards_management.json,localJson,dashboard_cards_management,,auto,"canonical json path, address-equal"
lib/stac/tobank/flows/home_page/json/tobank_home_page_dart.json,/child/body/children[0]/children[1]/child/child/child/children[1]/child/cards[1]/onTap/actions[1],push,assetPath=lib/stac/tobank/flows/dashboard/json/dashboard_cards_management.json,localJson,dashboard_cards_management,,auto,"canonical json path, address-equal"
lib/stac/tobank/flows/home_page/json/tobank_home_page_dart.json,/child/body/children[0]/children[1]/child/child/child/children[1]/child/cards[2]/onTap/actions[1],push,assetPath=lib/stac/tobank/flows/dashboard/json/dashboard_cards_management.json,localJson,dashboard_cards_management,,auto,"canonical json path, address-equal"
lib/stac/tobank/flows/home_page/json/tobank_home_page_dart.json,/child/body/children[0]/children[1]/child/child/child/children[1]/child/cards[3]/onTap/actions[1],push,assetPath=lib/stac/tobank/flows/dashboard/json/dashboard_cards_management.json,localJson,dashboard_cards_management,,auto,"canonical json path, address-equal"
lib/stac/tobank/flows/home_page/json/tobank_home_page_dart.json,/child/body/children[0]/children[1]/child/child/child/children[1]/child/cards[4]/onTap/actions[1],push,assetPath=lib/stac/tobank/flows/dashboard/json/dashboard_cards_management.json,localJson,dashboard_cards_management,,auto,"canonical json path, address-equal"
lib/stac/tobank/flows/home_page/json/tobank_home_page_dart.json,/child/body/children[0]/children[1]/child/child/child/children[1]/child/cards[5]/onTap/actions[1],push,assetPath=lib/stac/tobank/flows/dashboard/json/dashboard_cards_management.json,localJson,dashboard_cards_management,,auto,"canonical json path, address-equal"
lib/stac/tobank/flows/home_page/json/tobank_home_page_dart.json,/child/body/children[0]/children[1]/child/replacement/child/child/children[1]/child/children[2]/children[2]/child/child/onTap,push,routeName=tobank_travel_services_page,dart,tobank_travel_services_page,,auto,"routeName is registered dart key, address-equal"
lib/stac/tobank/flows/home_page/json/tobank_home_page_dart.json,/child/body/children[0]/children[1]/child/replacement/child/child/children[1]/child/children[4]/children[0]/child/child/onTap,,routeName=tobank_acceptor_services_page,dart,tobank_acceptor_services_page,,auto,"routeName is registered dart key, address-equal"
lib/stac/tobank/flows/home_page/json/tobank_home_page_dart.json,/child/body/children[0]/children[1]/child/replacement/replacement/child/children[0]/child/children[4]/children[0]/child/onTap,push,routeName=tobank_special_services_page,dart,tobank_special_services_page,,auto,"routeName is registered dart key, address-equal"
lib/stac/tobank/flows/home_page/json/tobank_special_services_page.json,/appBar/actions[0]/child/onPressed,pop,pop,,,,skip,no source / pop
lib/stac/tobank/flows/home_page/json/tobank_special_services_page.json,/body/child/children[0]/children[2]/child/onTap,push,routeName=charge_intro,dart,charge_intro,,auto,"routeName is registered dart key, address-equal"
lib/stac/tobank/flows/home_page/json/tobank_special_services_page.json,/body/child/children[4]/children[0]/child/onTap,push,routeName=promissory_intro,dart,promissory_intro,,auto,"routeName is registered dart key, address-equal"
lib/stac/tobank/flows/home_page/json/tobank_travel_services_page.json,/body/child/children[0]/children[1]/child/children[3]/child/onPressed,pop,pop,,,,skip,no source / pop
lib/stac/tobank/flows/installment_payment/json/installment_payment_api_real_menu.json,/appBar/leading/onPressed,pop,pop,,,,skip,no source / pop
lib/stac/tobank/flows/installment_payment/json/installment_payment_api_real_menu.json,/body/child/children[0]/onPressed/sheet/child/child/children[4]/onTap/actions[0],pop,pop,,,,skip,no source / pop
lib/stac/tobank/flows/installment_payment/json/installment_payment_api_real_menu.json,/body/child/children[0]/onPressed/sheet/child/child/children[4]/onTap/actions[1],push,assetPath=lib/stac/tobank/flows/installment_payment/json/installment_payment_list_main.json,localJson,installment_payment_list_main,,auto,"canonical json path, address-equal"
lib/stac/tobank/flows/installment_payment/json/installment_payment_api_real_menu.json,/body/child/children[0]/onPressed/sheet/child/child/children[6]/onTap/actions[0],pop,pop,,,,skip,no source / pop
lib/stac/tobank/flows/installment_payment/json/installment_payment_api_real_menu.json,/body/child/children[0]/onPressed/sheet/child/child/children[6]/onTap/actions[1],push,assetPath=lib/stac/tobank/flows/installment_payment/json/installment_payment_others_main.json,localJson,installment_payment_others_main,,auto,"canonical json path, address-equal"
lib/stac/tobank/flows/installment_payment/json/installment_payment_api_real_menu.json,/body/child/children[2]/onPressed,push,assetPath=lib/stac/tobank/flows/installment_payment/json/installment_payment_start.json,localJson,installment_payment_start,,auto,"canonical json path, address-equal"
lib/stac/tobank/flows/installment_payment/json/installment_payment_api_real_menu.json,/body/child/children[4]/onPressed,push,url=http://192.168.179.21:8101/api/configurations/v1.0/configs/resolve/ipaam.builder.form.form.installment_payment_start/1,apiJson,installment_payment_start,,auto,"real resolveUrl, address-equal"
lib/stac/tobank/flows/installment_payment/json/installment_payment_detail_main.json,/child/appBar/leading/children[1]/onPressed/sheet/child/child/children[6]/onTap,pop,pop,,,,skip,no source / pop
lib/stac/tobank/flows/installment_payment/json/installment_payment_detail_main.json,/child/appBar/leading/children[1]/onPressed/sheet/child/child/children[8]/onTap/actions[0],pop,pop,,,,skip,no source / pop
lib/stac/tobank/flows/installment_payment/json/installment_payment_detail_main.json,/child/appBar/leading/children[1]/onPressed/sheet/child/child/children[10]/onTap,pop,pop,,,,skip,no source / pop
lib/stac/tobank/flows/installment_payment/json/installment_payment_detail_main.json,/child/appBar/actions[0]/child/onPressed,pop,pop,,,,skip,no source / pop
lib/stac/tobank/flows/installment_payment/json/installment_payment_detail_main.json,/child/body/child/child/child/children[2]/child/child/child/children[7]/child/children[1]/children[0]/child/onPressed/actions[1]/sheet/child/child/children[14]/child/onPressed/actions[0],pop,pop,,,,skip,no source / pop
lib/stac/tobank/flows/installment_payment/json/installment_payment_detail_main.json,/child/body/child/child/child/children[2]/child/child/child/children[7]/child/children[1]/children[0]/child/onPressed/actions[1]/sheet/child/child/children[14]/child/onPressed/actions[1],push,assetPath=lib/stac/tobank/flows/installment_payment/json/installment_payment_receipt.json,localJson,installment_payment_receipt,,auto,"canonical json path, address-equal"
lib/stac/tobank/flows/installment_payment/json/installment_payment_detail_main.json,/child/body/child/child/child/children[2]/child/child/child/children[8]/child/children[1]/children[0]/child/onPressed/actions[1]/sheet/child/child/children[14]/child/onPressed/actions[0],pop,pop,,,,skip,no source / pop
lib/stac/tobank/flows/installment_payment/json/installment_payment_detail_main.json,/child/body/child/child/child/children[2]/child/child/child/children[8]/child/children[1]/children[0]/child/onPressed/actions[1]/sheet/child/child/children[14]/child/onPressed/actions[1],push,assetPath=lib/stac/tobank/flows/installment_payment/json/installment_payment_receipt.json,localJson,installment_payment_receipt,,auto,"canonical json path, address-equal"
lib/stac/tobank/flows/installment_payment/json/installment_payment_list_main.json,/appBar/actions[0]/child/onPressed,pop,pop,,,,skip,no source / pop
lib/stac/tobank/flows/installment_payment/json/installment_payment_list_main.json,/body/child/children[0]/child/child/children[6]/onPressed/actions[1],push,assetPath=lib/stac/tobank/flows/installment_payment/json/installment_payment_detail_main.json,localJson,installment_payment_detail_main,,auto,"canonical json path, address-equal"
lib/stac/tobank/flows/installment_payment/json/installment_payment_list_main.json,/body/child/children[2]/child/child/children[6]/onPressed/actions[1],push,assetPath=lib/stac/tobank/flows/installment_payment/json/installment_payment_detail_main.json,localJson,installment_payment_detail_main,,auto,"canonical json path, address-equal"
lib/stac/tobank/flows/installment_payment/json/installment_payment_list_main.json,/body/child/children[4]/child/child/children[6]/onPressed/actions[1],push,assetPath=lib/stac/tobank/flows/installment_payment/json/installment_payment_detail_main.json,localJson,installment_payment_detail_main,,auto,"canonical json path, address-equal"
lib/stac/tobank/flows/installment_payment/json/installment_payment_others_detail_main.json,/child/appBar/actions[0]/child/onPressed,pop,pop,,,,skip,no source / pop
lib/stac/tobank/flows/installment_payment/json/installment_payment_others_detail_main.json,/child/body/child/child/children[2]/child/children[6]/onPressed/actions[1]/sheet/child/child/children[10]/child/onPressed/actions[0],pop,pop,,,,skip,no source / pop
lib/stac/tobank/flows/installment_payment/json/installment_payment_others_detail_main.json,/child/body/child/child/children[2]/child/children[6]/onPressed/actions[1]/sheet/child/child/children[10]/child/onPressed/actions[1],push,assetPath=lib/stac/tobank/flows/installment_payment/json/installment_payment_others_receipt.json,localJson,installment_payment_others_receipt,,auto,"canonical json path, address-equal"
lib/stac/tobank/flows/installment_payment/json/installment_payment_others_main.json,/child/appBar/actions[0]/child/onPressed,pop,pop,,,,skip,no source / pop
lib/stac/tobank/flows/installment_payment/json/installment_payment_others_main.json,/child/body/child/child/children[8]/onPressed/defaultAction,push,assetPath=lib/stac/tobank/flows/installment_payment/json/installment_payment_others_detail_main.json,localJson,installment_payment_others_detail_main,,auto,"canonical json path, address-equal"
lib/stac/tobank/flows/installment_payment/json/installment_payment_others_receipt.json,/appBar/actions[0]/child/onPressed,pop,pop,,,,skip,no source / pop
lib/stac/tobank/flows/installment_payment/json/installment_payment_receipt.json,/appBar/actions[0]/child/onPressed,pop,pop,,,,skip,no source / pop
lib/stac/tobank/flows/installment_payment/json/installment_payment_start.json,/appBar/leading/onPressed,pop,pop,,,,skip,no source / pop
lib/stac/tobank/flows/installment_payment/json/installment_payment_start.json,/body/child/children[0]/onPressed/sheet/child/child/children[4]/onTap/actions[0],pop,pop,,,,skip,no source / pop
lib/stac/tobank/flows/installment_payment/json/installment_payment_start.json,/body/child/children[0]/onPressed/sheet/child/child/children[4]/onTap/actions[1],push,assetPath=lib/stac/tobank/flows/installment_payment/json/installment_payment_list_main.json,localJson,installment_payment_list_main,,auto,"canonical json path, address-equal"
lib/stac/tobank/flows/installment_payment/json/installment_payment_start.json,/body/child/children[0]/onPressed/sheet/child/child/children[6]/onTap/actions[0],pop,pop,,,,skip,no source / pop
lib/stac/tobank/flows/installment_payment/json/installment_payment_start.json,/body/child/children[0]/onPressed/sheet/child/child/children[6]/onTap/actions[1],push,assetPath=lib/stac/tobank/flows/installment_payment/json/installment_payment_others_main.json,localJson,installment_payment_others_main,,auto,"canonical json path, address-equal"
lib/stac/tobank/flows/installment_payment/json_upload/installment_payment_api_real_menu.json,/appBar/leading/onPressed,pop,pop,,,,skip,no source / pop
lib/stac/tobank/flows/installment_payment/json_upload/installment_payment_api_real_menu.json,/body/child/children[0]/onPressed/sheet/child/child/children[4]/onTap/actions[0],pop,pop,,,,skip,no source / pop
lib/stac/tobank/flows/installment_payment/json_upload/installment_payment_api_real_menu.json,/body/child/children[0]/onPressed/sheet/child/child/children[4]/onTap/actions[1],push,url=http://192.168.179.21:8101/api/configurations/v1.0/configs/resolve/ipaam.builder.form.form.installment_payment_list_main/1,apiJson,installment_payment_list_main,,auto,"real resolveUrl, address-equal"
lib/stac/tobank/flows/installment_payment/json_upload/installment_payment_api_real_menu.json,/body/child/children[0]/onPressed/sheet/child/child/children[6]/onTap/actions[0],pop,pop,,,,skip,no source / pop
lib/stac/tobank/flows/installment_payment/json_upload/installment_payment_api_real_menu.json,/body/child/children[0]/onPressed/sheet/child/child/children[6]/onTap/actions[1],push,url=http://192.168.179.21:8101/api/configurations/v1.0/configs/resolve/ipaam.builder.form.form.installment_payment_others_main/1,apiJson,installment_payment_others_main,,auto,"real resolveUrl, address-equal"
lib/stac/tobank/flows/installment_payment/json_upload/installment_payment_api_real_menu.json,/body/child/children[2]/onPressed,push,url=http://192.168.179.21:8101/api/configurations/v1.0/configs/resolve/ipaam.builder.form.form.installment_payment_start/1,apiJson,installment_payment_start,,auto,"real resolveUrl, address-equal"
lib/stac/tobank/flows/installment_payment/json_upload/installment_payment_api_real_menu.json,/body/child/children[4]/onPressed,push,url=http://192.168.179.21:8101/api/configurations/v1.0/configs/resolve/ipaam.builder.form.form.installment_payment_start/1,apiJson,installment_payment_start,,auto,"real resolveUrl, address-equal"
lib/stac/tobank/flows/installment_payment/json_upload/installment_payment_detail_main.json,/child/appBar/leading/children[1]/onPressed/sheet/child/child/children[6]/onTap,pop,pop,,,,skip,no source / pop
lib/stac/tobank/flows/installment_payment/json_upload/installment_payment_detail_main.json,/child/appBar/leading/children[1]/onPressed/sheet/child/child/children[8]/onTap/actions[0],pop,pop,,,,skip,no source / pop
lib/stac/tobank/flows/installment_payment/json_upload/installment_payment_detail_main.json,/child/appBar/leading/children[1]/onPressed/sheet/child/child/children[10]/onTap,pop,pop,,,,skip,no source / pop
lib/stac/tobank/flows/installment_payment/json_upload/installment_payment_detail_main.json,/child/appBar/actions[0]/child/onPressed,pop,pop,,,,skip,no source / pop
lib/stac/tobank/flows/installment_payment/json_upload/installment_payment_detail_main.json,/child/body/child/child/child/children[2]/child/child/child/children[7]/child/children[1]/children[0]/child/onPressed/actions[1]/sheet/child/child/children[14]/child/onPressed/actions[0],pop,pop,,,,skip,no source / pop
lib/stac/tobank/flows/installment_payment/json_upload/installment_payment_detail_main.json,/child/body/child/child/child/children[2]/child/child/child/children[7]/child/children[1]/children[0]/child/onPressed/actions[1]/sheet/child/child/children[14]/child/onPressed/actions[1],push,url=http://192.168.179.21:8101/api/configurations/v1.0/configs/resolve/ipaam.builder.form.form.installment_payment_receipt/1,apiJson,installment_payment_receipt,,auto,"real resolveUrl, address-equal"
lib/stac/tobank/flows/installment_payment/json_upload/installment_payment_detail_main.json,/child/body/child/child/child/children[2]/child/child/child/children[8]/child/children[1]/children[0]/child/onPressed/actions[1]/sheet/child/child/children[14]/child/onPressed/actions[0],pop,pop,,,,skip,no source / pop
lib/stac/tobank/flows/installment_payment/json_upload/installment_payment_detail_main.json,/child/body/child/child/child/children[2]/child/child/child/children[8]/child/children[1]/children[0]/child/onPressed/actions[1]/sheet/child/child/children[14]/child/onPressed/actions[1],push,url=http://192.168.179.21:8101/api/configurations/v1.0/configs/resolve/ipaam.builder.form.form.installment_payment_receipt/1,apiJson,installment_payment_receipt,,auto,"real resolveUrl, address-equal"
lib/stac/tobank/flows/installment_payment/json_upload/installment_payment_list_main.json,/appBar/actions[0]/child/onPressed,pop,pop,,,,skip,no source / pop
lib/stac/tobank/flows/installment_payment/json_upload/installment_payment_list_main.json,/body/child/children[0]/child/child/children[6]/onPressed/actions[1],push,url=http://192.168.179.21:8101/api/configurations/v1.0/configs/resolve/ipaam.builder.form.form.installment_payment_detail_main/1,apiJson,installment_payment_detail_main,,auto,"real resolveUrl, address-equal"
lib/stac/tobank/flows/installment_payment/json_upload/installment_payment_list_main.json,/body/child/children[2]/child/child/children[6]/onPressed/actions[1],push,url=http://192.168.179.21:8101/api/configurations/v1.0/configs/resolve/ipaam.builder.form.form.installment_payment_detail_main/1,apiJson,installment_payment_detail_main,,auto,"real resolveUrl, address-equal"
lib/stac/tobank/flows/installment_payment/json_upload/installment_payment_list_main.json,/body/child/children[4]/child/child/children[6]/onPressed/actions[1],push,url=http://192.168.179.21:8101/api/configurations/v1.0/configs/resolve/ipaam.builder.form.form.installment_payment_detail_main/1,apiJson,installment_payment_detail_main,,auto,"real resolveUrl, address-equal"
lib/stac/tobank/flows/installment_payment/json_upload/installment_payment_others_detail_main.json,/child/appBar/actions[0]/child/onPressed,pop,pop,,,,skip,no source / pop
lib/stac/tobank/flows/installment_payment/json_upload/installment_payment_others_detail_main.json,/child/body/child/child/children[2]/child/children[6]/onPressed/actions[1]/sheet/child/child/children[10]/child/onPressed/actions[0],pop,pop,,,,skip,no source / pop
lib/stac/tobank/flows/installment_payment/json_upload/installment_payment_others_detail_main.json,/child/body/child/child/children[2]/child/children[6]/onPressed/actions[1]/sheet/child/child/children[10]/child/onPressed/actions[1],push,url=http://192.168.179.21:8101/api/configurations/v1.0/configs/resolve/ipaam.builder.form.form.installment_payment_others_receipt/1,apiJson,installment_payment_others_receipt,,auto,"real resolveUrl, address-equal"
lib/stac/tobank/flows/installment_payment/json_upload/installment_payment_others_main.json,/child/appBar/actions[0]/child/onPressed,pop,pop,,,,skip,no source / pop
lib/stac/tobank/flows/installment_payment/json_upload/installment_payment_others_main.json,/child/body/child/child/children[8]/onPressed/defaultAction,push,url=http://192.168.179.21:8101/api/configurations/v1.0/configs/resolve/ipaam.builder.form.form.installment_payment_others_detail_main/1,apiJson,installment_payment_others_detail_main,,auto,"real resolveUrl, address-equal"
lib/stac/tobank/flows/installment_payment/json_upload/installment_payment_others_receipt.json,/appBar/actions[0]/child/onPressed,pop,pop,,,,skip,no source / pop
lib/stac/tobank/flows/installment_payment/json_upload/installment_payment_receipt.json,/appBar/actions[0]/child/onPressed,pop,pop,,,,skip,no source / pop
lib/stac/tobank/flows/installment_payment/json_upload/installment_payment_start.json,/appBar/leading/onPressed,pop,pop,,,,skip,no source / pop
lib/stac/tobank/flows/installment_payment/json_upload/installment_payment_start.json,/body/child/children[0]/onPressed/sheet/child/child/children[4]/onTap/actions[0],pop,pop,,,,skip,no source / pop
lib/stac/tobank/flows/installment_payment/json_upload/installment_payment_start.json,/body/child/children[0]/onPressed/sheet/child/child/children[4]/onTap/actions[1],push,url=http://192.168.179.21:8101/api/configurations/v1.0/configs/resolve/ipaam.builder.form.form.installment_payment_list_main/1,apiJson,installment_payment_list_main,,auto,"real resolveUrl, address-equal"
lib/stac/tobank/flows/installment_payment/json_upload/installment_payment_start.json,/body/child/children[0]/onPressed/sheet/child/child/children[6]/onTap/actions[0],pop,pop,,,,skip,no source / pop
lib/stac/tobank/flows/installment_payment/json_upload/installment_payment_start.json,/body/child/children[0]/onPressed/sheet/child/child/children[6]/onTap/actions[1],push,url=http://192.168.179.21:8101/api/configurations/v1.0/configs/resolve/ipaam.builder.form.form.installment_payment_others_main/1,apiJson,installment_payment_others_main,,auto,"real resolveUrl, address-equal"
lib/stac/tobank/flows/login/json/login_form_dart.json,/child/body/child/children[1]/child/onPressed/actions[1]/results[0]/action/actions[2],pushReplacement,widgetType=dashboard_shell,dart,dashboard_shell,,auto,registry key == fileName
lib/stac/tobank/flows/login/json/login_onboarding.json,/child/body/onFinish,push,routeName=login_form_dart,dart,login_form_dart,,auto,"routeName is registered dart key, address-equal"
lib/stac/tobank/flows/login/json/login_splash.json,/action,pushReplacement,routeName=login_onboarding,dart,login_onboarding,,auto,"routeName is registered dart key, address-equal"
lib/stac/tobank/flows/notification/json/notification_intro.json,/child/appBar/actions[0]/child/onPressed,pop,pop,,,,skip,no source / pop
lib/stac/tobank/flows/notification/json_upload/notification_intro.json,/child/appBar/actions[0]/child/onPressed,pop,pop,,,,skip,no source / pop
lib/stac/tobank/flows/package/json/package_add_sim.json,/child/appBar/actions[0]/child/onPressed,pop,pop,,,,skip,no source / pop
lib/stac/tobank/flows/package/json/package_add_sim.json,/child/body/children[0]/child/child/children[2]/child/child/onPressed/actions[3],push,routeName=package_package_list,dart,package_package_list,,auto,"routeName is registered dart key, address-equal"
lib/stac/tobank/flows/package/json/package_add_sim.json,/child/body/children[0]/child/child/children[3]/child/child/onPressed/actions[1]/sheet/child/children[6]/onPressed,pop,pop,,,,skip,no source / pop
lib/stac/tobank/flows/package/json/package_add_sim.json,/child/body/children[0]/child/child/children[4]/child/child/onPressed/sheet/child/children[12]/onPressed/actions[0],pop,pop,,,,skip,no source / pop
lib/stac/tobank/flows/package/json/package_add_sim.json,/child/body/children[0]/child/child/children[4]/child/child/onPressed/sheet/child/children[12]/onPressed/actions[1]/sheet/child/children[10]/onPressed/actions[0],pop,pop,,,,skip,no source / pop
lib/stac/tobank/flows/package/json/package_add_sim.json,/child/body/children[0]/child/child/children[4]/child/child/onPressed/sheet/child/children[12]/onPressed/actions[1]/sheet/child/children[10]/onPressed/actions[1]/actions[3],push,routeName=package_package_list,dart,package_package_list,,auto,"routeName is registered dart key, address-equal"
lib/stac/tobank/flows/package/json/package_intro.json,/child/appBar/actions[0]/child/onPressed,pop,pop,,,,skip,no source / pop
lib/stac/tobank/flows/package/json/package_intro.json,/child/body/children[0]/child/child/children[3]/child/child/child/children[1]/child/children[0]/child/child/onTap/actions[1],push,routeName=package_package_list,dart,package_package_list,,auto,"routeName is registered dart key, address-equal"
lib/stac/tobank/flows/package/json/package_intro.json,/child/body/children[0]/child/child/children[3]/child/child/child/children[1]/child/children[0]/child/child/onLongPress/actions[1]/sheet/child/children[7]/onTap/actions[0],pop,pop,,,,skip,no source / pop
lib/stac/tobank/flows/package/json/package_intro.json,/child/body/children[0]/child/child/children[3]/child/child/child/children[1]/child/children[0]/child/child/onLongPress/actions[1]/sheet/child/children[7]/onTap/actions[1]/sheet/child/child/children[8]/onPressed/actions[1],pop,pop,,,,skip,no source / pop
lib/stac/tobank/flows/package/json/package_intro.json,/child/body/children[0]/child/child/children[3]/child/child/child/children[1]/child/children[0]/child/child/onLongPress/actions[1]/sheet/child/children[9]/onTap/actions[0],pop,pop,,,,skip,no source / pop
lib/stac/tobank/flows/package/json/package_intro.json,/child/body/children[0]/child/child/children[3]/child/child/child/children[1]/child/children[0]/child/child/onLongPress/actions[1]/sheet/child/children[11]/onPressed,pop,pop,,,,skip,no source / pop
lib/stac/tobank/flows/package/json/package_intro.json,/child/body/children[0]/child/child/children[3]/child/child/child/children[1]/child/children[1]/child/child/onTap/actions[1],push,routeName=package_package_list,dart,package_package_list,,auto,"routeName is registered dart key, address-equal"
lib/stac/tobank/flows/package/json/package_intro.json,/child/body/children[0]/child/child/children[3]/child/child/child/children[1]/child/children[1]/child/child/onLongPress/actions[1]/sheet/child/children[7]/onTap/actions[0],pop,pop,,,,skip,no source / pop
lib/stac/tobank/flows/package/json/package_intro.json,/child/body/children[0]/child/child/children[3]/child/child/child/children[1]/child/children[1]/child/child/onLongPress/actions[1]/sheet/child/children[7]/onTap/actions[1]/sheet/child/child/children[8]/onPressed/actions[1],pop,pop,,,,skip,no source / pop
lib/stac/tobank/flows/package/json/package_intro.json,/child/body/children[0]/child/child/children[3]/child/child/child/children[1]/child/children[1]/child/child/onLongPress/actions[1]/sheet/child/children[9]/onTap/actions[0],pop,pop,,,,skip,no source / pop
lib/stac/tobank/flows/package/json/package_intro.json,/child/body/children[0]/child/child/children[3]/child/child/child/children[1]/child/children[1]/child/child/onLongPress/actions[1]/sheet/child/children[11]/onPressed,pop,pop,,,,skip,no source / pop
lib/stac/tobank/flows/package/json/package_intro.json,/child/body/children[0]/child/child/children[3]/child/child/child/children[1]/child/children[2]/child/child/onTap/actions[1],push,routeName=package_package_list,dart,package_package_list,,auto,"routeName is registered dart key, address-equal"
lib/stac/tobank/flows/package/json/package_intro.json,/child/body/children[0]/child/child/children[3]/child/child/child/children[1]/child/children[2]/child/child/onLongPress/actions[1]/sheet/child/children[7]/onTap/actions[0],pop,pop,,,,skip,no source / pop
lib/stac/tobank/flows/package/json/package_intro.json,/child/body/children[0]/child/child/children[3]/child/child/child/children[1]/child/children[2]/child/child/onLongPress/actions[1]/sheet/child/children[7]/onTap/actions[1]/sheet/child/child/children[8]/onPressed/actions[1],pop,pop,,,,skip,no source / pop
lib/stac/tobank/flows/package/json/package_intro.json,/child/body/children[0]/child/child/children[3]/child/child/child/children[1]/child/children[2]/child/child/onLongPress/actions[1]/sheet/child/children[9]/onTap/actions[0],pop,pop,,,,skip,no source / pop
lib/stac/tobank/flows/package/json/package_intro.json,/child/body/children[0]/child/child/children[3]/child/child/child/children[1]/child/children[2]/child/child/onLongPress/actions[1]/sheet/child/children[11]/onPressed,pop,pop,,,,skip,no source / pop
lib/stac/tobank/flows/package/json/package_intro.json,/child/body/children[0]/child/child/children[5]/children[0]/onPressed,push,routeName=package_add_sim,dart,package_add_sim,,auto,"routeName is registered dart key, address-equal"
lib/stac/tobank/flows/package/json/package_package_list.json,/child/appBar/actions[0]/child/onPressed,pop,pop,,,,skip,no source / pop
lib/stac/tobank/flows/package/json/package_package_list.json,/child/body/child/child/child/children[3]/replacement/child/onPressed,push,routeName=package_payment,dart,package_payment,,auto,"routeName is registered dart key, address-equal"
lib/stac/tobank/flows/package/json/package_payment.json,/child/appBar/actions[0]/child/onPressed,pop,pop,,,,skip,no source / pop
lib/stac/tobank/flows/package/json/package_payment.json,/child/body/child/child/children[12]/child/onPressed/actions[1],push,routeName=package_payment_success,dart,package_payment_success,,auto,"routeName is registered dart key, address-equal"
lib/stac/tobank/flows/package/json/package_payment_success.json,/appBar/actions[0]/child/onPressed,pop,pop,,,,skip,no source / pop
lib/stac/tobank/flows/profile/json/profile_about.json,/appBar/actions[0]/child/onPressed,pop,pop,,,,skip,no source / pop
lib/stac/tobank/flows/profile/json/profile_bank_info.json,/appBar/actions[0]/child/onPressed,pop,pop,,,,skip,no source / pop
lib/stac/tobank/flows/profile/json/profile_change_password.json,/appBar/actions[0]/child/onPressed,pop,pop,,,,skip,no source / pop
lib/stac/tobank/flows/profile/json/profile_contact.json,/appBar/actions[0]/child/onPressed,pop,pop,,,,skip,no source / pop
lib/stac/tobank/flows/profile/json/profile_customer_referrals.json,/appBar/actions[0]/child/onPressed,pop,pop,,,,skip,no source / pop
lib/stac/tobank/flows/profile/json/profile_destinations.json,/child/appBar/actions[0]/child/onPressed,pop,pop,,,,skip,no source / pop
lib/stac/tobank/flows/profile/json/profile_intro.json,/body/children[1]/child/children[9]/child/child/children[0]/child/children[0]/onTap,push,routeName=profile_bank_info,dart,profile_bank_info,,auto,"routeName is registered dart key, address-equal"
lib/stac/tobank/flows/profile/json/profile_intro.json,/body/children[1]/child/children[9]/child/child/children[0]/child/children[2]/onTap,push,routeName=profile_invite_friends,dart,profile_invite_friends,,auto,"routeName is registered dart key, address-equal"
lib/stac/tobank/flows/profile/json/profile_intro.json,/body/children[1]/child/children[9]/child/child/children[0]/child/children[4]/onTap,push,routeName=profile_destinations,dart,profile_destinations,,auto,"routeName is registered dart key, address-equal"
lib/stac/tobank/flows/profile/json/profile_intro.json,/body/children[1]/child/children[9]/child/child/children[0]/child/children[6]/onTap,push,routeName=profile_settings,dart,profile_settings,,auto,"routeName is registered dart key, address-equal"
lib/stac/tobank/flows/profile/json/profile_intro.json,/body/children[1]/child/children[9]/child/child/children[0]/child/children[8]/onTap,push,routeName=profile_rules,dart,profile_rules,,auto,"routeName is registered dart key, address-equal"
lib/stac/tobank/flows/profile/json/profile_intro.json,/body/children[1]/child/children[9]/child/child/children[0]/child/children[10]/onTap,push,routeName=profile_about,dart,profile_about,,auto,"routeName is registered dart key, address-equal"
lib/stac/tobank/flows/profile/json/profile_intro.json,/body/children[1]/child/children[9]/child/child/children[0]/child/children[12]/onTap,push,routeName=profile_contact,dart,profile_contact,,auto,"routeName is registered dart key, address-equal"
lib/stac/tobank/flows/profile/json/profile_invite_friends.json,/appBar/actions[0]/child/onPressed,pop,pop,,,,skip,no source / pop
lib/stac/tobank/flows/profile/json/profile_invite_friends.json,/body/child/children[2]/onTap,push,widgetType=profile_customer_referrals,dart,profile_customer_referrals,,auto,registry key == fileName
lib/stac/tobank/flows/profile/json/profile_rules.json,/appBar/actions[0]/child/onPressed,pop,pop,,,,skip,no source / pop
lib/stac/tobank/flows/profile/json/profile_settings.json,/appBar/actions[0]/child/onPressed,pop,pop,,,,skip,no source / pop
lib/stac/tobank/flows/profile/json/profile_settings.json,/body/child/children[4]/onTap,push,widgetType=profile_change_password,dart,profile_change_password,,auto,registry key == fileName
lib/stac/tobank/flows/promissory/api/GET_promissory_data.json,/GET/data/data/child/body/child/child/children[6]/onPressed/results[0]/action/actions[1],,widgetType=promissory_confirm,dart,promissory_confirm,,auto,registry key == fileName
lib/stac/tobank/flows/promissory/api/GET_promissory_intro.json,/GET/data/appBar/leading/onPressed,pop,pop,,,,skip,no source / pop
lib/stac/tobank/flows/promissory/api/GET_promissory_intro.json,/GET/data/body/children[6]/child/child/children[0]/onTap,push,url=https://api.tobank.com/flows/promissory_old/promissory_rules,apiJson,,https://api.tobank.com/flows/promissory_old/promissory_rules,needs-review,mock url -> keep verbatim
lib/stac/tobank/flows/promissory/api/GET_promissory_issuer.json,/GET/data/child/body/child/child/children[8]/onPressed,,widgetType=promissory_receiver,dart,promissory_receiver,,auto,registry key == fileName
lib/stac/tobank/flows/promissory/api/GET_promissory_payment.json,/GET/data/data/body/child/children[0]/child/onTap/results[0]/action,,widgetType=promissory_sign,dart,promissory_sign,,auto,registry key == fileName
lib/stac/tobank/flows/promissory/api/GET_promissory_receiver.json,/GET/data/data/child/body/child/child/children[8]/onPressed,,widgetType=promissory_data,dart,promissory_data,,auto,registry key == fileName
lib/stac/tobank/flows/promissory/api/GET_promissory_rules.json,/GET/data/child/appBar/leading/onPressed,pop,pop,,,,skip,no source / pop
lib/stac/tobank/flows/promissory/api/GET_promissory_rules.json,/GET/data/child/body/children[5]/child/onPressed,push,widgetType=promissory_deposits,dart,promissory_deposits,,auto,registry key == fileName
lib/stac/tobank/flows/promissory/api/GET_promissory_success.json,/GET/data/data/child/body/child/children[6]/onPressed,popToRoot,popToRoot,,,,skip,no source / pop
lib/stac/tobank/flows/promissory/api/GET_request_promissory_deposit.json,/GET/data/child/appBar/leading/onPressed,pop,pop,,,,skip,no source / pop
lib/stac/tobank/flows/promissory/api/GET_request_promissory_deposit.json,/GET/data/child/body/children[4]/child/onPressed,push,widgetType=promissory_issuer,dart,promissory_issuer,,auto,registry key == fileName
lib/stac/tobank/flows/promissory/json/promissory_confirm.json,/appBar/actions[0]/child/onPressed,pop,pop,,,,skip,no source / pop
lib/stac/tobank/flows/promissory/json/promissory_confirm.json,/body/children[1]/child/onPressed,push,routeName=promissory_payment,dart,promissory_payment,,auto,"routeName is registered dart key, address-equal"
lib/stac/tobank/flows/promissory/json/promissory_data.json,/child/appBar/actions[0]/child/onPressed,pop,pop,,,,skip,no source / pop
lib/stac/tobank/flows/promissory/json/promissory_data.json,/child/body/child/children[0]/children[1]/child/onPressed/actions[10]/results[0]/action/actions[1],push,routeName=promissory_confirm,dart,promissory_confirm,,auto,"routeName is registered dart key, address-equal"
lib/stac/tobank/flows/promissory/json/promissory_intro.json,/child/appBar/actions[0]/child/onPressed,pop,pop,,,,skip,no source / pop
lib/stac/tobank/flows/promissory/json/promissory_intro.json,/child/body/child/children[5]/child/child/children[1]/children[2]/child/child/children[0]/onTap,push,routeName=promissory_rules,dart,promissory_rules,,auto,"routeName is registered dart key, address-equal"
lib/stac/tobank/flows/promissory/json/promissory_issuer.json,/child/child/appBar/actions[0]/child/onPressed,pop,pop,,,,skip,no source / pop
lib/stac/tobank/flows/promissory/json/promissory_issuer.json,/child/replacement/child/appBar/actions[0]/child/onPressed,pop,pop,,,,skip,no source / pop
lib/stac/tobank/flows/promissory/json/promissory_issuer.json,/child/replacement/replacement/appBar/actions[0]/child/onPressed,pop,pop,,,,skip,no source / pop
lib/stac/tobank/flows/promissory/json/promissory_issuer.json,/child/replacement/replacement/body/children[1]/child/onPressed,push,routeName=promissory_receiver,dart,promissory_receiver,,auto,"routeName is registered dart key, address-equal"
lib/stac/tobank/flows/promissory/json/promissory_payment.json,/child/appBar/actions[0]/child/onPressed,pop,pop,,,,skip,no source / pop
lib/stac/tobank/flows/promissory/json/promissory_payment.json,/child/body/children[1]/children[0]/child/child/onPressed/dialog/actions[0]/children[2]/child/onPressed/actions[1]/results[0]/action/actions[2],pushReplacement,routeName=promissory_sign,dart,promissory_sign,,auto,"routeName is registered dart key, address-equal"
lib/stac/tobank/flows/promissory/json/promissory_payment.json,/child/body/children[1]/children[1]/child/child/onPressed,push,routeName=promissory_payment_deposits,dart,promissory_payment_deposits,,auto,"routeName is registered dart key, address-equal"
lib/stac/tobank/flows/promissory/json/promissory_payment_deposits.json,/child/appBar/actions[0]/child/onPressed,pop,pop,,,,skip,no source / pop
lib/stac/tobank/flows/promissory/json/promissory_payment_deposits.json,/child/body/children[4]/child/onPressed/actions[3]/results[0]/action/actions[2],push,routeName=promissory_sign,dart,promissory_sign,,auto,"routeName is registered dart key, address-equal"
lib/stac/tobank/flows/promissory/json/promissory_preview.json,/child/appBar/actions[0]/child/onPressed,pop,pop,,,,skip,no source / pop
lib/stac/tobank/flows/promissory/json/promissory_receiver.json,/child/appBar/actions[0]/child/onPressed,pop,pop,,,,skip,no source / pop
lib/stac/tobank/flows/promissory/json/promissory_receiver.json,/child/body/child/children[1]/child/child/onPressed/actions[2]/results[0]/action/actions[1],push,widgetType=promissory_data,dart,promissory_data,,auto,registry key == fileName
lib/stac/tobank/flows/promissory/json/promissory_receiver.json,/child/body/child/children[2]/child/child/onPressed/actions[2]/results[0]/action/actions[1],push,widgetType=promissory_data,dart,promissory_data,,auto,registry key == fileName
lib/stac/tobank/flows/promissory/json/promissory_rules.json,/child/appBar/actions[0]/child/onPressed,pop,pop,,,,skip,no source / pop
lib/stac/tobank/flows/promissory/json/promissory_rules.json,/child/body/children[5]/child/onPressed/actions[1]/results[0]/action/actions[1],push,routeName=promissory_issuer,dart,promissory_issuer,,auto,"routeName is registered dart key, address-equal"
lib/stac/tobank/flows/promissory/json/promissory_sign.json,/child/appBar/actions[0]/child/onPressed,pop,pop,,,,skip,no source / pop
lib/stac/tobank/flows/promissory/json/promissory_sign.json,/child/body/children[0]/child/children[2]/child/child/children[1]/child/onPressed/dialog/actions[0]/children[2]/child/onPressed/actions[1]/onSuccess/actions[1]/results[0]/action/actions[0]/results[0]/action/actions[2],pushReplacement,routeName=promissory_success,dart,promissory_success,,auto,"routeName is registered dart key, address-equal"
lib/stac/tobank/flows/promissory/json/promissory_success.json,/child/body/children[0]/child/child/children[5]/child/children[0]/children[1]/children[0]/onTap,push,routeName=promissory_preview,dart,promissory_preview,,auto,"routeName is registered dart key, address-equal"
lib/stac/tobank/flows/promissory/json_upload/promissory_confirm.json,/appBar/leading/onPressed,pop,pop,,,,skip,no source / pop
lib/stac/tobank/flows/promissory/json_upload/promissory_confirm.json,/body/children[1]/child/onPressed,push,url=http://192.168.179.21:8101/api/configurations/v1.0/configs/resolve/ipaam.builder.form.form.promissory_payment/1,apiJson,promissory_payment,,auto,"real resolveUrl, address-equal"
lib/stac/tobank/flows/promissory/json_upload/promissory_data.json,/child/appBar/leading/onPressed,pop,pop,,,,skip,no source / pop
lib/stac/tobank/flows/promissory/json_upload/promissory_data.json,/child/body/child/children[0]/children[1]/child/onPressed/actions[5],push,url=http://192.168.179.21:8101/api/configurations/v1.0/configs/resolve/ipaam.builder.form.form.promissory_confirm/1,apiJson,promissory_confirm,,auto,"real resolveUrl, address-equal"
lib/stac/tobank/flows/promissory/json_upload/promissory_deposits.json,/child/onContinue,push,url=http://192.168.179.21:8101/api/configurations/v1.0/configs/resolve/ipaam.builder.form.form.promissory_issuer/1,apiJson,promissory_issuer,,auto,"real resolveUrl, address-equal"
lib/stac/tobank/flows/promissory/json_upload/promissory_intro.json,/appBar/leading/onPressed,pop,pop,,,,skip,no source / pop
lib/stac/tobank/flows/promissory/json_upload/promissory_intro.json,/body/children[6]/child/child/children[0]/onTap,push,url=http://192.168.179.21:8101/api/configurations/v1.0/configs/resolve/ipaam.builder.form.form.promissory_rules/1,apiJson,promissory_rules,,auto,"real resolveUrl, address-equal"
lib/stac/tobank/flows/promissory/json_upload/promissory_issuer.json,/child/onContinue,push,url=http://192.168.179.21:8101/api/configurations/v1.0/configs/resolve/ipaam.builder.form.form.promissory_receiver/1,apiJson,promissory_receiver,,auto,"real resolveUrl, address-equal"
lib/stac/tobank/flows/promissory/json_upload/promissory_payment.json,/child/appBar/leading/onPressed,pop,pop,,,,skip,no source / pop
lib/stac/tobank/flows/promissory/json_upload/promissory_payment.json,/child/body/children[1]/child/child/onPressed/widget/actions[1]/onPressed/actions[1],push,url=http://192.168.179.21:8101/api/configurations/v1.0/configs/resolve/ipaam.builder.form.form.promissory_sign/1,apiJson,promissory_sign,,auto,"real resolveUrl, address-equal"
lib/stac/tobank/flows/promissory/json_upload/promissory_payment.json,/child/body/children[2]/child/child/onPressed,push,url=http://192.168.179.21:8101/api/configurations/v1.0/configs/resolve/ipaam.builder.form.form.promissory_payment_deposits/1,apiJson,promissory_payment_deposits,,auto,"real resolveUrl, address-equal"
lib/stac/tobank/flows/promissory/json_upload/promissory_payment_deposits.json,/child/onContinue,push,url=http://192.168.179.21:8101/api/configurations/v1.0/configs/resolve/ipaam.builder.form.form.promissory_sign/1,apiJson,promissory_sign,,auto,"real resolveUrl, address-equal"
lib/stac/tobank/flows/promissory/json_upload/promissory_receiver.json,/child/appBar/leading/onPressed,pop,pop,,,,skip,no source / pop
lib/stac/tobank/flows/promissory/json_upload/promissory_receiver.json,/child/body/child/children[1]/child/onPressed/actions[2]/results[0]/action/actions[1],push,url=http://192.168.179.21:8101/api/configurations/v1.0/configs/resolve/ipaam.builder.form.form.promissory_data/1,apiJson,promissory_data,,auto,"real resolveUrl, address-equal"
lib/stac/tobank/flows/promissory/json_upload/promissory_rules.json,/child/appBar/leading/onPressed,pop,pop,,,,skip,no source / pop
lib/stac/tobank/flows/promissory/json_upload/promissory_rules.json,/child/body/children[5]/child/onPressed,push,url=http://192.168.179.21:8101/api/configurations/v1.0/configs/resolve/ipaam.builder.form.form.promissory_deposits/1,apiJson,promissory_deposits,,auto,"real resolveUrl, address-equal"
lib/stac/tobank/flows/promissory/json_upload/promissory_sign.json,/child/appBar/leading/onPressed,pop,pop,,,,skip,no source / pop
lib/stac/tobank/flows/promissory/json_upload/promissory_sign.json,/child/body/children[1]/child/onPressed/widget/actions[1]/onPressed/actions[2]/results[0]/action/actions[2],push,url=http://192.168.179.21:8101/api/configurations/v1.0/configs/resolve/ipaam.builder.form.form.promissory_success/1,apiJson,promissory_success,,auto,"real resolveUrl, address-equal"
lib/stac/tobank/flows/promissory/json_upload/promissory_sign.json,/child/body/children[1]/child/onPressed/widget/actions[1]/onPressed/actions[2]/results[1]/action/actions[1],push,url=http://192.168.179.21:8101/api/configurations/v1.0/configs/resolve/ipaam.builder.form.form.promissory_success/1,apiJson,promissory_success,,auto,"real resolveUrl, address-equal"
lib/stac/tobank/flows/transaction/json/transaction_filter.json,/child/appBar/actions[0]/child/onPressed,pop,pop,,,,skip,no source / pop
lib/stac/tobank/flows/transaction/json/transaction_filter.json,/child/body/child/children[14]/onPressed/actions[1],pop,pop,,,,skip,no source / pop
lib/stac/tobank/flows/transaction/json/transaction_intro.json,/child/body/child/children[2]/child/child/children[1]/child/children[1]/children[0]/onTap,push,routeName=transaction_filter,dart,transaction_filter,,auto,"routeName is registered dart key, address-equal"
lib/stac/tobank/flows/transfer/json/transfer_amount.json,/child/appBar/actions[0]/child/onPressed,pop,pop,,,,skip,no source / pop
lib/stac/tobank/flows/transfer/json/transfer_amount.json,/child/body/child/child/child/children[2]/child/children[0]/children[4]/child/onPressed/actions[1]/validAction/actions[1],push,assetPath=lib/stac/tobank/flows/transfer/json/transfer_card_details.json,localJson,transfer_card_details,,auto,"canonical json path, address-equal"
lib/stac/tobank/flows/transfer/json/transfer_amount.json,/child/body/child/child/child/children[2]/child/children[1]/children[4]/onPressed/actions[2],push,assetPath=lib/stac/tobank/flows/transfer/json/transfer_in_bank_details.json,localJson,transfer_in_bank_details,,auto,"canonical json path, address-equal"
lib/stac/tobank/flows/transfer/json/transfer_amount.json,/child/body/child/child/child/children[2]/child/children[2]/children[4]/onPressed/actions[3],push,assetPath=lib/stac/tobank/flows/transfer/json/transfer_details.json,localJson,transfer_details,,auto,"canonical json path, address-equal"
lib/stac/tobank/flows/transfer/json/transfer_card_details.json,/child/appBar/actions[0]/child/onPressed,pop,pop,,,,skip,no source / pop
lib/stac/tobank/flows/transfer/json/transfer_card_details.json,/child/body/child/child/children[2]/onPressed/actions[1],push,routeName=transfer_confirm,dart,transfer_confirm,,auto,"routeName is registered dart key, address-equal"
lib/stac/tobank/flows/transfer/json/transfer_card_result.json,/appBar/actions[0]/child/onPressed,pop,pop,,,,skip,no source / pop
lib/stac/tobank/flows/transfer/json/transfer_confirm.json,/child/appBar/actions[0]/child/onPressed,pop,pop,,,,skip,no source / pop
lib/stac/tobank/flows/transfer/json/transfer_confirm.json,/child/body/child/child/children[2]/onPressed/dialog/child/children[8]/children[0]/child/onPressed/actions[1],push,assetPath=lib/stac/tobank/flows/transfer/json/transfer_card_result.json,localJson,transfer_card_result,,auto,"canonical json path, address-equal"
lib/stac/tobank/flows/transfer/json/transfer_confirm.json,/child/body/replacement/child/children[2]/onPressed,push,assetPath=lib/stac/tobank/flows/transfer/json/transfer_result.json,localJson,transfer_result,,auto,"canonical json path, address-equal"
lib/stac/tobank/flows/transfer/json/transfer_details.json,/child/appBar/actions[0]/child/onPressed,pop,pop,,,,skip,no source / pop
lib/stac/tobank/flows/transfer/json/transfer_details.json,/child/body/child/child/children[0]/child/child/children[6]/onTap/sheet/child/children[4]/child/child/children[0]/onTap/actions[2],pop,pop,,,,skip,no source / pop
lib/stac/tobank/flows/transfer/json/transfer_details.json,/child/body/child/child/children[0]/child/child/children[6]/onTap/sheet/child/children[4]/child/child/children[2]/onTap/actions[2],pop,pop,,,,skip,no source / pop
lib/stac/tobank/flows/transfer/json/transfer_details.json,/child/body/child/child/children[0]/child/child/children[6]/onTap/sheet/child/children[4]/child/child/children[4]/onTap/actions[2],pop,pop,,,,skip,no source / pop
lib/stac/tobank/flows/transfer/json/transfer_details.json,/child/body/child/child/children[0]/child/child/children[6]/onTap/sheet/child/children[4]/child/child/children[6]/onTap/actions[2],pop,pop,,,,skip,no source / pop
lib/stac/tobank/flows/transfer/json/transfer_details.json,/child/body/child/child/children[0]/child/child/children[6]/onTap/sheet/child/children[4]/child/child/children[8]/onTap/actions[2],pop,pop,,,,skip,no source / pop
lib/stac/tobank/flows/transfer/json/transfer_details.json,/child/body/child/child/children[0]/child/child/children[6]/onTap/sheet/child/children[4]/child/child/children[10]/onTap/actions[2],pop,pop,,,,skip,no source / pop
lib/stac/tobank/flows/transfer/json/transfer_details.json,/child/body/child/child/children[0]/child/child/children[6]/onTap/sheet/child/children[4]/child/child/children[12]/onTap/actions[2],pop,pop,,,,skip,no source / pop
lib/stac/tobank/flows/transfer/json/transfer_details.json,/child/body/child/child/children[0]/child/child/children[6]/onTap/sheet/child/children[4]/child/child/children[14]/onTap/actions[2],pop,pop,,,,skip,no source / pop
lib/stac/tobank/flows/transfer/json/transfer_details.json,/child/body/child/child/children[0]/child/child/children[6]/onTap/sheet/child/children[4]/child/child/children[16]/onTap/actions[2],pop,pop,,,,skip,no source / pop
lib/stac/tobank/flows/transfer/json/transfer_details.json,/child/body/child/child/children[0]/child/child/children[6]/onTap/sheet/child/children[4]/child/child/children[18]/onTap/actions[2],pop,pop,,,,skip,no source / pop
lib/stac/tobank/flows/transfer/json/transfer_details.json,/child/body/child/child/children[0]/child/child/children[6]/onTap/sheet/child/children[4]/child/child/children[20]/onTap/actions[2],pop,pop,,,,skip,no source / pop
lib/stac/tobank/flows/transfer/json/transfer_details.json,/child/body/child/child/children[0]/child/child/children[6]/onTap/sheet/child/children[4]/child/child/children[22]/onTap/actions[2],pop,pop,,,,skip,no source / pop
lib/stac/tobank/flows/transfer/json/transfer_details.json,/child/body/child/child/children[2]/onPressed/sheet/child/children[6]/onTap/actions[1],pop,pop,,,,skip,no source / pop
lib/stac/tobank/flows/transfer/json/transfer_details.json,/child/body/child/child/children[2]/onPressed/sheet/child/children[6]/onTap/actions[3],push,assetPath=lib/stac/tobank/flows/transfer/json/transfer_confirm.json,localJson,transfer_confirm,,auto,"canonical json path, address-equal"
lib/stac/tobank/flows/transfer/json/transfer_details.json,/child/body/child/child/children[2]/onPressed/sheet/child/children[8]/onTap/actions[1],pop,pop,,,,skip,no source / pop
lib/stac/tobank/flows/transfer/json/transfer_details.json,/child/body/child/child/children[2]/onPressed/sheet/child/children[8]/onTap/actions[3],push,assetPath=lib/stac/tobank/flows/transfer/json/transfer_confirm.json,localJson,transfer_confirm,,auto,"canonical json path, address-equal"
lib/stac/tobank/flows/transfer/json/transfer_in_bank_confirm.json,/child/appBar/actions[0]/child/onPressed,pop,pop,,,,skip,no source / pop
lib/stac/tobank/flows/transfer/json/transfer_in_bank_confirm.json,/child/body/child/children[2]/onPressed,push,assetPath=lib/stac/tobank/flows/transfer/json/transfer_in_bank_result.json,localJson,transfer_in_bank_result,,auto,"canonical json path, address-equal"
lib/stac/tobank/flows/transfer/json/transfer_in_bank_details.json,/child/appBar/actions[0]/child/onPressed,pop,pop,,,,skip,no source / pop
lib/stac/tobank/flows/transfer/json/transfer_in_bank_details.json,/child/body/child/child/children[0]/child/child/children[6]/onTap/sheet/child/children[4]/child/child/children[0]/onTap/actions[2],pop,pop,,,,skip,no source / pop
lib/stac/tobank/flows/transfer/json/transfer_in_bank_details.json,/child/body/child/child/children[0]/child/child/children[6]/onTap/sheet/child/children[4]/child/child/children[2]/onTap/actions[2],pop,pop,,,,skip,no source / pop
lib/stac/tobank/flows/transfer/json/transfer_in_bank_details.json,/child/body/child/child/children[0]/child/child/children[6]/onTap/sheet/child/children[4]/child/child/children[4]/onTap/actions[2],pop,pop,,,,skip,no source / pop
lib/stac/tobank/flows/transfer/json/transfer_in_bank_details.json,/child/body/child/child/children[0]/child/child/children[6]/onTap/sheet/child/children[4]/child/child/children[6]/onTap/actions[2],pop,pop,,,,skip,no source / pop
lib/stac/tobank/flows/transfer/json/transfer_in_bank_details.json,/child/body/child/child/children[0]/child/child/children[6]/onTap/sheet/child/children[4]/child/child/children[8]/onTap/actions[2],pop,pop,,,,skip,no source / pop
lib/stac/tobank/flows/transfer/json/transfer_in_bank_details.json,/child/body/child/child/children[0]/child/child/children[6]/onTap/sheet/child/children[4]/child/child/children[10]/onTap/actions[2],pop,pop,,,,skip,no source / pop
lib/stac/tobank/flows/transfer/json/transfer_in_bank_details.json,/child/body/child/child/children[0]/child/child/children[6]/onTap/sheet/child/children[4]/child/child/children[12]/onTap/actions[2],pop,pop,,,,skip,no source / pop
lib/stac/tobank/flows/transfer/json/transfer_in_bank_details.json,/child/body/child/child/children[0]/child/child/children[6]/onTap/sheet/child/children[4]/child/child/children[14]/onTap/actions[2],pop,pop,,,,skip,no source / pop
lib/stac/tobank/flows/transfer/json/transfer_in_bank_details.json,/child/body/child/child/children[0]/child/child/children[6]/onTap/sheet/child/children[4]/child/child/children[16]/onTap/actions[2],pop,pop,,,,skip,no source / pop
lib/stac/tobank/flows/transfer/json/transfer_in_bank_details.json,/child/body/child/child/children[0]/child/child/children[6]/onTap/sheet/child/children[4]/child/child/children[18]/onTap/actions[2],pop,pop,,,,skip,no source / pop
lib/stac/tobank/flows/transfer/json/transfer_in_bank_details.json,/child/body/child/child/children[0]/child/child/children[6]/onTap/sheet/child/children[4]/child/child/children[20]/onTap/actions[2],pop,pop,,,,skip,no source / pop
lib/stac/tobank/flows/transfer/json/transfer_in_bank_details.json,/child/body/child/child/children[0]/child/child/children[6]/onTap/sheet/child/children[4]/child/child/children[22]/onTap/actions[2],pop,pop,,,,skip,no source / pop
lib/stac/tobank/flows/transfer/json/transfer_in_bank_details.json,/child/body/child/child/children[2]/onPressed/sheet/child/children[4]/onTap/actions[1],pop,pop,,,,skip,no source / pop
lib/stac/tobank/flows/transfer/json/transfer_in_bank_details.json,/child/body/child/child/children[2]/onPressed/sheet/child/children[4]/onTap/actions[3],push,assetPath=lib/stac/tobank/flows/transfer/json/transfer_in_bank_confirm.json,localJson,transfer_in_bank_confirm,,auto,"canonical json path, address-equal"
lib/stac/tobank/flows/transfer/json/transfer_in_bank_result.json,/appBar/actions[0]/child/onPressed,pop,pop,,,,skip,no source / pop
lib/stac/tobank/flows/transfer/json/transfer_result.json,/appBar/actions[0]/child/onPressed,pop,pop,,,,skip,no source / pop
lib/stac/tobank/flows/transfer/json_upload/transfer_amount.json,/child/appBar/actions[0]/child/onPressed,pop,pop,,,,skip,no source / pop
lib/stac/tobank/flows/transfer/json_upload/transfer_amount.json,/child/body/child/child/child/children[2]/child/children[0]/children[4]/child/onPressed/actions[1]/validAction/actions[1],push,url=http://192.168.179.21:8101/api/configurations/v1.0/configs/resolve/ipaam.builder.form.form.transfer_card_details/1,apiJson,transfer_card_details,,auto,"real resolveUrl, address-equal"
lib/stac/tobank/flows/transfer/json_upload/transfer_amount.json,/child/body/child/child/child/children[2]/child/children[1]/children[4]/onPressed/actions[2],push,url=http://192.168.179.21:8101/api/configurations/v1.0/configs/resolve/ipaam.builder.form.form.transfer_in_bank_details/1,apiJson,transfer_in_bank_details,,auto,"real resolveUrl, address-equal"
lib/stac/tobank/flows/transfer/json_upload/transfer_amount.json,/child/body/child/child/child/children[2]/child/children[2]/children[4]/onPressed/actions[3],push,url=http://192.168.179.21:8101/api/configurations/v1.0/configs/resolve/ipaam.builder.form.form.transfer_details/1,apiJson,transfer_details,,auto,"real resolveUrl, address-equal"
lib/stac/tobank/flows/transfer/json_upload/transfer_card_details.json,/child/appBar/actions[0]/child/onPressed,pop,pop,,,,skip,no source / pop
lib/stac/tobank/flows/transfer/json_upload/transfer_card_details.json,/child/body/child/child/children[2]/onPressed/actions[1],push,url=http://192.168.179.21:8101/api/configurations/v1.0/configs/resolve/ipaam.builder.form.form.transfer_confirm/1,apiJson,transfer_confirm,,auto,"real resolveUrl, address-equal"
lib/stac/tobank/flows/transfer/json_upload/transfer_card_result.json,/appBar/actions[0]/child/onPressed,pop,pop,,,,skip,no source / pop
lib/stac/tobank/flows/transfer/json_upload/transfer_confirm.json,/child/appBar/actions[0]/child/onPressed,pop,pop,,,,skip,no source / pop
lib/stac/tobank/flows/transfer/json_upload/transfer_confirm.json,/child/body/child/child/children[2]/onPressed/dialog/child/children[8]/children[0]/child/onPressed/actions[1],push,url=http://192.168.179.21:8101/api/configurations/v1.0/configs/resolve/ipaam.builder.form.form.transfer_card_result/1,apiJson,transfer_card_result,,auto,"real resolveUrl, address-equal"
lib/stac/tobank/flows/transfer/json_upload/transfer_confirm.json,/child/body/replacement/child/children[2]/onPressed,push,url=http://192.168.179.21:8101/api/configurations/v1.0/configs/resolve/ipaam.builder.form.form.transfer_result/1,apiJson,transfer_result,,auto,"real resolveUrl, address-equal"
lib/stac/tobank/flows/transfer/json_upload/transfer_details.json,/child/appBar/actions[0]/child/onPressed,pop,pop,,,,skip,no source / pop
lib/stac/tobank/flows/transfer/json_upload/transfer_details.json,/child/body/child/child/children[0]/child/child/children[6]/onTap/sheet/child/children[4]/child/child/children[0]/onTap/actions[2],pop,pop,,,,skip,no source / pop
lib/stac/tobank/flows/transfer/json_upload/transfer_details.json,/child/body/child/child/children[0]/child/child/children[6]/onTap/sheet/child/children[4]/child/child/children[2]/onTap/actions[2],pop,pop,,,,skip,no source / pop
lib/stac/tobank/flows/transfer/json_upload/transfer_details.json,/child/body/child/child/children[0]/child/child/children[6]/onTap/sheet/child/children[4]/child/child/children[4]/onTap/actions[2],pop,pop,,,,skip,no source / pop
lib/stac/tobank/flows/transfer/json_upload/transfer_details.json,/child/body/child/child/children[0]/child/child/children[6]/onTap/sheet/child/children[4]/child/child/children[6]/onTap/actions[2],pop,pop,,,,skip,no source / pop
lib/stac/tobank/flows/transfer/json_upload/transfer_details.json,/child/body/child/child/children[0]/child/child/children[6]/onTap/sheet/child/children[4]/child/child/children[8]/onTap/actions[2],pop,pop,,,,skip,no source / pop
lib/stac/tobank/flows/transfer/json_upload/transfer_details.json,/child/body/child/child/children[0]/child/child/children[6]/onTap/sheet/child/children[4]/child/child/children[10]/onTap/actions[2],pop,pop,,,,skip,no source / pop
lib/stac/tobank/flows/transfer/json_upload/transfer_details.json,/child/body/child/child/children[0]/child/child/children[6]/onTap/sheet/child/children[4]/child/child/children[12]/onTap/actions[2],pop,pop,,,,skip,no source / pop
lib/stac/tobank/flows/transfer/json_upload/transfer_details.json,/child/body/child/child/children[0]/child/child/children[6]/onTap/sheet/child/children[4]/child/child/children[14]/onTap/actions[2],pop,pop,,,,skip,no source / pop
lib/stac/tobank/flows/transfer/json_upload/transfer_details.json,/child/body/child/child/children[0]/child/child/children[6]/onTap/sheet/child/children[4]/child/child/children[16]/onTap/actions[2],pop,pop,,,,skip,no source / pop
lib/stac/tobank/flows/transfer/json_upload/transfer_details.json,/child/body/child/child/children[0]/child/child/children[6]/onTap/sheet/child/children[4]/child/child/children[18]/onTap/actions[2],pop,pop,,,,skip,no source / pop
lib/stac/tobank/flows/transfer/json_upload/transfer_details.json,/child/body/child/child/children[0]/child/child/children[6]/onTap/sheet/child/children[4]/child/child/children[20]/onTap/actions[2],pop,pop,,,,skip,no source / pop
lib/stac/tobank/flows/transfer/json_upload/transfer_details.json,/child/body/child/child/children[0]/child/child/children[6]/onTap/sheet/child/children[4]/child/child/children[22]/onTap/actions[2],pop,pop,,,,skip,no source / pop
lib/stac/tobank/flows/transfer/json_upload/transfer_details.json,/child/body/child/child/children[2]/onPressed/sheet/child/children[6]/onTap/actions[1],pop,pop,,,,skip,no source / pop
lib/stac/tobank/flows/transfer/json_upload/transfer_details.json,/child/body/child/child/children[2]/onPressed/sheet/child/children[6]/onTap/actions[3],push,url=http://192.168.179.21:8101/api/configurations/v1.0/configs/resolve/ipaam.builder.form.form.transfer_confirm/1,apiJson,transfer_confirm,,auto,"real resolveUrl, address-equal"
lib/stac/tobank/flows/transfer/json_upload/transfer_details.json,/child/body/child/child/children[2]/onPressed/sheet/child/children[8]/onTap/actions[1],pop,pop,,,,skip,no source / pop
lib/stac/tobank/flows/transfer/json_upload/transfer_details.json,/child/body/child/child/children[2]/onPressed/sheet/child/children[8]/onTap/actions[3],push,url=http://192.168.179.21:8101/api/configurations/v1.0/configs/resolve/ipaam.builder.form.form.transfer_confirm/1,apiJson,transfer_confirm,,auto,"real resolveUrl, address-equal"
lib/stac/tobank/flows/transfer/json_upload/transfer_in_bank_confirm.json,/child/appBar/actions[0]/child/onPressed,pop,pop,,,,skip,no source / pop
lib/stac/tobank/flows/transfer/json_upload/transfer_in_bank_confirm.json,/child/body/child/children[2]/onPressed,push,url=http://192.168.179.21:8101/api/configurations/v1.0/configs/resolve/ipaam.builder.form.form.transfer_in_bank_result/1,apiJson,transfer_in_bank_result,,auto,"real resolveUrl, address-equal"
lib/stac/tobank/flows/transfer/json_upload/transfer_in_bank_details.json,/child/appBar/actions[0]/child/onPressed,pop,pop,,,,skip,no source / pop
lib/stac/tobank/flows/transfer/json_upload/transfer_in_bank_details.json,/child/body/child/child/children[0]/child/child/children[6]/onTap/sheet/child/children[4]/child/child/children[0]/onTap/actions[2],pop,pop,,,,skip,no source / pop
lib/stac/tobank/flows/transfer/json_upload/transfer_in_bank_details.json,/child/body/child/child/children[0]/child/child/children[6]/onTap/sheet/child/children[4]/child/child/children[2]/onTap/actions[2],pop,pop,,,,skip,no source / pop
lib/stac/tobank/flows/transfer/json_upload/transfer_in_bank_details.json,/child/body/child/child/children[0]/child/child/children[6]/onTap/sheet/child/children[4]/child/child/children[4]/onTap/actions[2],pop,pop,,,,skip,no source / pop
lib/stac/tobank/flows/transfer/json_upload/transfer_in_bank_details.json,/child/body/child/child/children[0]/child/child/children[6]/onTap/sheet/child/children[4]/child/child/children[6]/onTap/actions[2],pop,pop,,,,skip,no source / pop
lib/stac/tobank/flows/transfer/json_upload/transfer_in_bank_details.json,/child/body/child/child/children[0]/child/child/children[6]/onTap/sheet/child/children[4]/child/child/children[8]/onTap/actions[2],pop,pop,,,,skip,no source / pop
lib/stac/tobank/flows/transfer/json_upload/transfer_in_bank_details.json,/child/body/child/child/children[0]/child/child/children[6]/onTap/sheet/child/children[4]/child/child/children[10]/onTap/actions[2],pop,pop,,,,skip,no source / pop
lib/stac/tobank/flows/transfer/json_upload/transfer_in_bank_details.json,/child/body/child/child/children[0]/child/child/children[6]/onTap/sheet/child/children[4]/child/child/children[12]/onTap/actions[2],pop,pop,,,,skip,no source / pop
lib/stac/tobank/flows/transfer/json_upload/transfer_in_bank_details.json,/child/body/child/child/children[0]/child/child/children[6]/onTap/sheet/child/children[4]/child/child/children[14]/onTap/actions[2],pop,pop,,,,skip,no source / pop
lib/stac/tobank/flows/transfer/json_upload/transfer_in_bank_details.json,/child/body/child/child/children[0]/child/child/children[6]/onTap/sheet/child/children[4]/child/child/children[16]/onTap/actions[2],pop,pop,,,,skip,no source / pop
lib/stac/tobank/flows/transfer/json_upload/transfer_in_bank_details.json,/child/body/child/child/children[0]/child/child/children[6]/onTap/sheet/child/children[4]/child/child/children[18]/onTap/actions[2],pop,pop,,,,skip,no source / pop
lib/stac/tobank/flows/transfer/json_upload/transfer_in_bank_details.json,/child/body/child/child/children[0]/child/child/children[6]/onTap/sheet/child/children[4]/child/child/children[20]/onTap/actions[2],pop,pop,,,,skip,no source / pop
lib/stac/tobank/flows/transfer/json_upload/transfer_in_bank_details.json,/child/body/child/child/children[0]/child/child/children[6]/onTap/sheet/child/children[4]/child/child/children[22]/onTap/actions[2],pop,pop,,,,skip,no source / pop
lib/stac/tobank/flows/transfer/json_upload/transfer_in_bank_details.json,/child/body/child/child/children[2]/onPressed/sheet/child/children[4]/onTap/actions[1],pop,pop,,,,skip,no source / pop
lib/stac/tobank/flows/transfer/json_upload/transfer_in_bank_details.json,/child/body/child/child/children[2]/onPressed/sheet/child/children[4]/onTap/actions[3],push,url=http://192.168.179.21:8101/api/configurations/v1.0/configs/resolve/ipaam.builder.form.form.transfer_in_bank_confirm/1,apiJson,transfer_in_bank_confirm,,auto,"real resolveUrl, address-equal"
lib/stac/tobank/flows/transfer/json_upload/transfer_in_bank_result.json,/appBar/actions[0]/child/onPressed,pop,pop,,,,skip,no source / pop
lib/stac/tobank/flows/transfer/json_upload/transfer_result.json,/appBar/actions[0]/child/onPressed,pop,pop,,,,skip,no source / pop
lib/stac/tobank/flows/user_validation/json/user_validation_intro.json,/child/appBar/actions[0]/child/onPressed,pop,pop,,,,skip,no source / pop
lib/stac/tobank/flows/user_validation/json/user_validation_intro.json,/child/body/child/children[3]/child/children[0]/child/child/children[2]/child/children[0]/child/children[1]/onTap,push,routeName=user_validation_report_detail,dart,user_validation_report_detail,,auto,"routeName is registered dart key, address-equal"
lib/stac/tobank/flows/user_validation/json/user_validation_intro.json,/child/body/child/children[3]/child/children[0]/child/child/children[2]/child/children[2]/child/children[1]/onTap,push,routeName=user_validation_report_detail,dart,user_validation_report_detail,,auto,"routeName is registered dart key, address-equal"
lib/stac/tobank/flows/user_validation/json/user_validation_intro.json,/child/body/child/children[3]/child/children[0]/child/child/children[2]/child/children[4]/child/children[1]/onTap,push,routeName=user_validation_report_detail,dart,user_validation_report_detail,,auto,"routeName is registered dart key, address-equal"
lib/stac/tobank/flows/user_validation/json/user_validation_intro.json,/child/body/child/children[3]/child/children[0]/child/child/children[2]/child/children[6]/child/children[1]/onTap,push,routeName=user_validation_report_detail,dart,user_validation_report_detail,,auto,"routeName is registered dart key, address-equal"
lib/stac/tobank/flows/user_validation/json/user_validation_intro.json,/child/body/child/children[3]/child/children[0]/child/child/children[3]/child/children[0]/child/children[1]/onTap,push,routeName=user_validation_report_detail,dart,user_validation_report_detail,,auto,"routeName is registered dart key, address-equal"
lib/stac/tobank/flows/user_validation/json/user_validation_intro.json,/child/body/child/children[3]/child/children[0]/child/child/children[4]/child/children[0]/child/children[1]/onTap,push,routeName=user_validation_report_detail,dart,user_validation_report_detail,,auto,"routeName is registered dart key, address-equal"
lib/stac/tobank/flows/user_validation/json/user_validation_intro.json,/child/body/child/children[3]/child/children[0]/child/child/children[4]/child/children[2]/child/children[1]/onTap,push,routeName=user_validation_report_detail,dart,user_validation_report_detail,,auto,"routeName is registered dart key, address-equal"
lib/stac/tobank/flows/user_validation/json/user_validation_intro.json,/child/body/child/children[3]/child/children[0]/child/child/children[4]/child/children[4]/child/children[1]/onTap,push,routeName=user_validation_report_detail,dart,user_validation_report_detail,,auto,"routeName is registered dart key, address-equal"
lib/stac/tobank/flows/user_validation/json/user_validation_intro.json,/child/body/child/children[3]/child/children[1]/child/child/children[4]/onPressed/actions[1]/sheet/child/child/child/child/children[14]/child/onPressed/sheet/child/child/child/children[6]/onPressed/dialog/child/child/children[4]/children[0]/child/onPressed/actions[1],push,routeName=user_validation_receipt,dart,user_validation_receipt,,auto,"routeName is registered dart key, address-equal"
lib/stac/tobank/flows/user_validation/json/user_validation_intro.json,/child/body/child/children[3]/child/children[1]/child/child/children[4]/onPressed/actions[1]/sheet/child/child/child/child/children[14]/replacement/onPressed/dialog/child/child/children[4]/children[0]/child/onPressed/actions[1],push,routeName=user_validation_receipt,dart,user_validation_receipt,,auto,"routeName is registered dart key, address-equal"
lib/stac/tobank/flows/user_validation/json/user_validation_preview.json,/appBar/actions[0]/child/onPressed,pop,pop,,,,skip,no source / pop
lib/stac/tobank/flows/user_validation/json/user_validation_receipt.json,/appBar/actions[0]/child/onPressed,pop,pop,,,,skip,no source / pop
lib/stac/tobank/flows/user_validation/json/user_validation_receipt.json,/body/child/child/children[9]/child/children[0]/children[3]/onTap,push,routeName=user_validation_preview,dart,user_validation_preview,,auto,"routeName is registered dart key, address-equal"
lib/stac/tobank/flows/user_validation/json/user_validation_report_detail.json,/appBar/actions[0]/child/onPressed,pop,pop,,,,skip,no source / pop
lib/stac/tobank/flows/user_validation/json/user_validation_report_detail.json,/body/child/children[1]/child/child/children[0]/children[3]/onTap,push,routeName=user_validation_preview,dart,user_validation_preview,,auto,"routeName is registered dart key, address-equal"
lib/stac/tobank/flows/user_validation/json_upload/user_validation_intro.json,/child/appBar/actions[0]/child/onPressed,pop,pop,,,,skip,no source / pop
lib/stac/tobank/flows/user_validation/json_upload/user_validation_intro.json,/child/body/child/children[3]/child/children[0]/child/child/children[2]/child/children[0]/child/children[1]/onTap,push,url=http://192.168.179.21:8101/api/configurations/v1.0/configs/resolve/ipaam.builder.form.form.user_validation_report_detail/1,apiJson,user_validation_report_detail,,auto,"real resolveUrl, address-equal"
lib/stac/tobank/flows/user_validation/json_upload/user_validation_intro.json,/child/body/child/children[3]/child/children[0]/child/child/children[2]/child/children[2]/child/children[1]/onTap,push,url=http://192.168.179.21:8101/api/configurations/v1.0/configs/resolve/ipaam.builder.form.form.user_validation_report_detail/1,apiJson,user_validation_report_detail,,auto,"real resolveUrl, address-equal"
lib/stac/tobank/flows/user_validation/json_upload/user_validation_intro.json,/child/body/child/children[3]/child/children[0]/child/child/children[2]/child/children[4]/child/children[1]/onTap,push,url=http://192.168.179.21:8101/api/configurations/v1.0/configs/resolve/ipaam.builder.form.form.user_validation_report_detail/1,apiJson,user_validation_report_detail,,auto,"real resolveUrl, address-equal"
lib/stac/tobank/flows/user_validation/json_upload/user_validation_intro.json,/child/body/child/children[3]/child/children[0]/child/child/children[2]/child/children[6]/child/children[1]/onTap,push,url=http://192.168.179.21:8101/api/configurations/v1.0/configs/resolve/ipaam.builder.form.form.user_validation_report_detail/1,apiJson,user_validation_report_detail,,auto,"real resolveUrl, address-equal"
lib/stac/tobank/flows/user_validation/json_upload/user_validation_intro.json,/child/body/child/children[3]/child/children[0]/child/child/children[3]/child/children[0]/child/children[1]/onTap,push,url=http://192.168.179.21:8101/api/configurations/v1.0/configs/resolve/ipaam.builder.form.form.user_validation_report_detail/1,apiJson,user_validation_report_detail,,auto,"real resolveUrl, address-equal"
lib/stac/tobank/flows/user_validation/json_upload/user_validation_intro.json,/child/body/child/children[3]/child/children[0]/child/child/children[4]/child/children[0]/child/children[1]/onTap,push,url=http://192.168.179.21:8101/api/configurations/v1.0/configs/resolve/ipaam.builder.form.form.user_validation_report_detail/1,apiJson,user_validation_report_detail,,auto,"real resolveUrl, address-equal"
lib/stac/tobank/flows/user_validation/json_upload/user_validation_intro.json,/child/body/child/children[3]/child/children[0]/child/child/children[4]/child/children[2]/child/children[1]/onTap,push,url=http://192.168.179.21:8101/api/configurations/v1.0/configs/resolve/ipaam.builder.form.form.user_validation_report_detail/1,apiJson,user_validation_report_detail,,auto,"real resolveUrl, address-equal"
lib/stac/tobank/flows/user_validation/json_upload/user_validation_intro.json,/child/body/child/children[3]/child/children[0]/child/child/children[4]/child/children[4]/child/children[1]/onTap,push,url=http://192.168.179.21:8101/api/configurations/v1.0/configs/resolve/ipaam.builder.form.form.user_validation_report_detail/1,apiJson,user_validation_report_detail,,auto,"real resolveUrl, address-equal"
lib/stac/tobank/flows/user_validation/json_upload/user_validation_intro.json,/child/body/child/children[3]/child/children[1]/child/child/children[4]/onPressed/actions[1]/sheet/child/child/child/child/children[14]/child/onPressed/sheet/child/child/child/children[6]/onPressed/dialog/child/child/children[4]/children[0]/child/onPressed/actions[1],push,url=http://192.168.179.21:8101/api/configurations/v1.0/configs/resolve/ipaam.builder.form.form.user_validation_receipt/1,apiJson,user_validation_receipt,,auto,"real resolveUrl, address-equal"
lib/stac/tobank/flows/user_validation/json_upload/user_validation_intro.json,/child/body/child/children[3]/child/children[1]/child/child/children[4]/onPressed/actions[1]/sheet/child/child/child/child/children[14]/replacement/onPressed/dialog/child/child/children[4]/children[0]/child/onPressed/actions[1],push,url=http://192.168.179.21:8101/api/configurations/v1.0/configs/resolve/ipaam.builder.form.form.user_validation_receipt/1,apiJson,user_validation_receipt,,auto,"real resolveUrl, address-equal"
lib/stac/tobank/flows/user_validation/json_upload/user_validation_preview.json,/appBar/actions[0]/child/onPressed,pop,pop,,,,skip,no source / pop
lib/stac/tobank/flows/user_validation/json_upload/user_validation_receipt.json,/appBar/actions[0]/child/onPressed,pop,pop,,,,skip,no source / pop
lib/stac/tobank/flows/user_validation/json_upload/user_validation_receipt.json,/body/child/child/children[9]/child/children[0]/children[3]/onTap,push,url=http://192.168.179.21:8101/api/configurations/v1.0/configs/resolve/ipaam.builder.form.form.user_validation_preview/1,apiJson,user_validation_preview,,auto,"real resolveUrl, address-equal"
lib/stac/tobank/flows/user_validation/json_upload/user_validation_report_detail.json,/appBar/actions[0]/child/onPressed,pop,pop,,,,skip,no source / pop
lib/stac/tobank/flows/user_validation/json_upload/user_validation_report_detail.json,/body/child/children[1]/child/child/children[0]/children[3]/onTap,push,url=http://192.168.179.21:8101/api/configurations/v1.0/configs/resolve/ipaam.builder.form.form.user_validation_preview/1,apiJson,user_validation_preview,,auto,"real resolveUrl, address-equal"
lib/stac/tobank/flows/verify_identity/json/test_screen.json,/appBar/actions[0]/child/onPressed,pop,pop,,,,skip,no source / pop
lib/stac/tobank/flows/verify_identity/json/verify_identity_certificate_generator.json,/child/appBar/actions[0]/child/onPressed,pop,pop,,,,skip,no source / pop
lib/stac/tobank/flows/verify_identity/json/verify_identity_certificate_generator.json,/child/body/child/child/children[1]/child/onPressed,push,routeName=verify_identity_final,dart,verify_identity_final,,auto,"routeName is registered dart key, address-equal"
lib/stac/tobank/flows/verify_identity/json/verify_identity_final.json,/appBar/actions[0]/child/onPressed,pop,pop,,,,skip,no source / pop
lib/stac/tobank/flows/verify_identity/json/verify_identity_final.json,/body/child/child/children[1]/onPressed,push,routeName=verify_identity_registration,dart,verify_identity_registration,,auto,"routeName is registered dart key, address-equal"
lib/stac/tobank/flows/verify_identity/json/verify_identity_intro.json,/child/appBar/actions[0]/child/onPressed,pop,pop,,,,skip,no source / pop
lib/stac/tobank/flows/verify_identity/json/verify_identity_intro.json,/child/body/child/children[1]/child/onPressed,push,routeName=verify_identity_preregister,dart,verify_identity_preregister,,auto,"routeName is registered dart key, address-equal"
lib/stac/tobank/flows/verify_identity/json/verify_identity_job_selector.json,/appBar/leading/onPressed,pop,pop,,,,skip,no source / pop
lib/stac/tobank/flows/verify_identity/json/verify_identity_job_selector.json,/body/child/children[3]/child/child/children[0]/onTap/actions[1],pop,pop,,,,skip,no source / pop
lib/stac/tobank/flows/verify_identity/json/verify_identity_job_selector.json,/body/child/children[3]/child/child/children[1]/onTap/actions[1],pop,pop,,,,skip,no source / pop
lib/stac/tobank/flows/verify_identity/json/verify_identity_job_selector.json,/body/child/children[3]/child/child/children[2]/onTap/actions[1],pop,pop,,,,skip,no source / pop
lib/stac/tobank/flows/verify_identity/json/verify_identity_job_selector.json,/body/child/children[3]/child/child/children[3]/onTap/actions[1],pop,pop,,,,skip,no source / pop
lib/stac/tobank/flows/verify_identity/json/verify_identity_job_selector.json,/body/child/children[3]/child/child/children[4]/onTap/actions[1],pop,pop,,,,skip,no source / pop
lib/stac/tobank/flows/verify_identity/json/verify_identity_job_selector.json,/body/child/children[3]/child/child/children[5]/onTap/actions[1],pop,pop,,,,skip,no source / pop
lib/stac/tobank/flows/verify_identity/json/verify_identity_job_selector.json,/body/child/children[3]/child/child/children[6]/onTap/actions[1],pop,pop,,,,skip,no source / pop
lib/stac/tobank/flows/verify_identity/json/verify_identity_job_selector.json,/body/child/children[3]/child/child/children[7]/onTap/actions[1],pop,pop,,,,skip,no source / pop
lib/stac/tobank/flows/verify_identity/json/verify_identity_job_selector.json,/body/child/children[3]/child/child/children[8]/onTap/actions[1],pop,pop,,,,skip,no source / pop
lib/stac/tobank/flows/verify_identity/json/verify_identity_job_selector.json,/body/child/children[3]/child/child/children[9]/onTap/actions[1],pop,pop,,,,skip,no source / pop
lib/stac/tobank/flows/verify_identity/json/verify_identity_job_selector.json,/body/child/children[3]/child/child/children[10]/onTap/actions[1],pop,pop,,,,skip,no source / pop
lib/stac/tobank/flows/verify_identity/json/verify_identity_job_selector.json,/body/child/children[3]/child/child/children[11]/onTap/actions[1],pop,pop,,,,skip,no source / pop
lib/stac/tobank/flows/verify_identity/json/verify_identity_job_selector.json,/body/child/children[3]/child/child/children[12]/onTap/actions[1],pop,pop,,,,skip,no source / pop
lib/stac/tobank/flows/verify_identity/json/verify_identity_job_selector.json,/body/child/children[3]/child/child/children[13]/onTap/actions[1],pop,pop,,,,skip,no source / pop
lib/stac/tobank/flows/verify_identity/json/verify_identity_job_selector.json,/body/child/children[3]/child/child/children[14]/onTap/actions[1],pop,pop,,,,skip,no source / pop
lib/stac/tobank/flows/verify_identity/json/verify_identity_job_selector.json,/body/child/children[3]/child/child/children[15]/onTap/actions[1],pop,pop,,,,skip,no source / pop
lib/stac/tobank/flows/verify_identity/json/verify_identity_job_selector.json,/body/child/children[3]/child/child/children[16]/onTap/actions[1],pop,pop,,,,skip,no source / pop
lib/stac/tobank/flows/verify_identity/json/verify_identity_national_card_back.json,/child/appBar/actions[0]/child/onPressed,pop,pop,,,,skip,no source / pop
lib/stac/tobank/flows/verify_identity/json/verify_identity_national_card_back.json,/child/body/child/children[1]/child/onPressed,push,widgetType=verify_identity_selfie,dart,verify_identity_selfie,,auto,registry key == fileName
lib/stac/tobank/flows/verify_identity/json/verify_identity_national_card_front.json,/child/appBar/actions[0]/child/onPressed,pop,pop,,,,skip,no source / pop
lib/stac/tobank/flows/verify_identity/json/verify_identity_national_card_front.json,/child/body/child/children[1]/child/children[0]/onPressed,push,widgetType=verify_identity_old_national_card,dart,verify_identity_old_national_card,,auto,registry key == fileName
lib/stac/tobank/flows/verify_identity/json/verify_identity_national_card_front.json,/child/body/child/children[1]/child/children[2]/onPressed,push,widgetType=verify_identity_national_card_back,dart,verify_identity_national_card_back,,auto,registry key == fileName
lib/stac/tobank/flows/verify_identity/json/verify_identity_old_national_card.json,/child/appBar/actions[0]/child/onPressed/actions[1],pop,pop,,,,skip,no source / pop
lib/stac/tobank/flows/verify_identity/json/verify_identity_postal_code.json,/child/appBar/actions[0]/child/onPressed,pop,pop,,,,skip,no source / pop
lib/stac/tobank/flows/verify_identity/json/verify_identity_postal_code.json,/child/body/child/child/children[1]/child/onPressed,push,routeName=verify_identity_signature,dart,verify_identity_signature,,auto,"routeName is registered dart key, address-equal"
lib/stac/tobank/flows/verify_identity/json/verify_identity_preregister.json,/appBar/actions[0]/child/onPressed,pop,pop,,,,skip,no source / pop
lib/stac/tobank/flows/verify_identity/json/verify_identity_preregister.json,/body/child/children[1]/child/onPressed,push,routeName=verify_identity_verify_otp,dart,verify_identity_verify_otp,,auto,"routeName is registered dart key, address-equal"
lib/stac/tobank/flows/verify_identity/json/verify_identity_registration.json,/child/appBar/actions[0]/child/onPressed,pop,pop,,,,skip,no source / pop
lib/stac/tobank/flows/verify_identity/json/verify_identity_registration.json,/child/body/child/child/children[1]/child/onPressed,push,routeName=test_screen,dart,test_screen,,auto,"routeName is registered dart key, address-equal"
lib/stac/tobank/flows/verify_identity/json/verify_identity_rules.json,/body/child/child/children[2]/child/child/children[12]/child/onPressed,pop,pop,,,,skip,no source / pop
lib/stac/tobank/flows/verify_identity/json/verify_identity_selfie.json,/child/appBar/actions[0]/child/onPressed,pop,pop,,,,skip,no source / pop
lib/stac/tobank/flows/verify_identity/json/verify_identity_selfie.json,/child/body/child/child/children[1]/child/child/child/child/onPressed,push,widgetType=verify_identity_postal_code,dart,verify_identity_postal_code,,auto,registry key == fileName
lib/stac/tobank/flows/verify_identity/json/verify_identity_signature.json,/child/appBar/actions[0]/child/onPressed/actions[1],pop,pop,,,,skip,no source / pop
lib/stac/tobank/flows/verify_identity/json/verify_identity_signature.json,/child/body/child/children[1]/child/onPressed/actions[1],push,routeName=verify_identity_certificate_generator,dart,verify_identity_certificate_generator,,auto,"routeName is registered dart key, address-equal"
lib/stac/tobank/flows/verify_identity/json/verify_identity_signature_guide.json,/appBar/leading/onPressed,pop,pop,,,,skip,no source / pop
lib/stac/tobank/flows/verify_identity/json/verify_identity_signature_guide.json,/body/child/children[1]/child/children[2]/onTap,push,routeName=verify_identity_signature_visual_guide,dart,verify_identity_signature_visual_guide,,auto,"routeName is registered dart key, address-equal"
lib/stac/tobank/flows/verify_identity/json/verify_identity_signature_visual_guide.json,/appBar/leading/onPressed,pop,pop,,,,skip,no source / pop
lib/stac/tobank/flows/verify_identity/json/verify_identity_signature_visual_guide.json,/body/child/children[1]/children[1]/child/onPressed,pop,pop,,,,skip,no source / pop
lib/stac/tobank/flows/verify_identity/json/verify_identity_verify_otp.json,/child/appBar/actions[0]/child/onPressed,pop,pop,,,,skip,no source / pop
lib/stac/tobank/flows/verify_identity/json/verify_identity_verify_otp.json,/child/body/child/child/children[1]/child/onPressed,push,routeName=verify_identity_national_card_front,dart,verify_identity_national_card_front,,auto,"routeName is registered dart key, address-equal"
lib/stac/tobank/menu/api/GET_tobank_menu.json,/GET/data/body/template/itemTemplate/child/onTap,,widgetType={{widgetType}},dart,{{widgetType}},,auto,registry key == fileName
